15/11/2011 15:45:00;0
15/11/2011 16:00:00;0
15/11/2011 16:15:00;0
15/11/2011 16:30:00;0
15/11/2011 16:45:00;0
15/11/2011 17:00:00;0
15/11/2011 17:15:00;0
15/11/2011 17:30:00;0
15/11/2011 17:45:00;0
15/11/2011 18:00:00;0
15/11/2011 18:15:00;0
15/11/2011 18:30:00;0
15/11/2011 18:45:00;0
15/11/2011 19:00:00;0
15/11/2011 19:15:00;0
15/11/2011 19:30:00;0
15/11/2011 19:45:00;0
15/11/2011 20:00:00;4.024
15/11/2011 20:15:00;8.048
15/11/2011 20:30:00;8.026
15/11/2011 20:45:00;8.044
15/11/2011 21:00:00;8.087
15/11/2011 21:15:00;8.078
15/11/2011 21:30:00;8.133
15/11/2011 21:45:00;8.143
15/11/2011 22:00:00;8.106
15/11/2011 22:15:00;8.163
15/11/2011 22:30:00;3.579
15/11/2011 22:45:00;0
15/11/2011 23:00:00;0
15/11/2011 23:15:00;0
15/11/2011 23:30:00;0
15/11/2011 23:45:00;0
16/11/2011 00:00:00;0
16/11/2011 00:15:00;0
16/11/2011 00:30:00;0
16/11/2011 00:45:00;0
16/11/2011 01:00:00;0
16/11/2011 01:15:00;0
16/11/2011 01:30:00;0
16/11/2011 01:45:00;0
16/11/2011 02:00:00;0
16/11/2011 02:15:00;0
16/11/2011 02:30:00;0
16/11/2011 02:45:00;0
16/11/2011 03:00:00;0
16/11/2011 03:15:00;0
16/11/2011 03:30:00;0
16/11/2011 03:45:00;0
16/11/2011 04:00:00;0
16/11/2011 04:15:00;0
16/11/2011 04:30:00;0
16/11/2011 04:45:00;0
16/11/2011 05:00:00;0
16/11/2011 05:15:00;0
16/11/2011 05:30:00;0
16/11/2011 05:45:00;0
16/11/2011 06:00:00;0
16/11/2011 06:15:00;0
16/11/2011 06:30:00;0
16/11/2011 06:45:00;0
16/11/2011 07:00:00;0
16/11/2011 07:15:00;0
16/11/2011 07:30:00;0
16/11/2011 07:45:00;0
16/11/2011 08:00:00;0
16/11/2011 08:15:00;0
16/11/2011 08:30:00;0
16/11/2011 08:45:00;0
16/11/2011 09:00:00;0.045
16/11/2011 09:15:00;0
16/11/2011 09:30:00;0
16/11/2011 09:45:00;0
16/11/2011 10:00:00;0
16/11/2011 10:15:00;0
16/11/2011 10:30:00;0
16/11/2011 10:45:00;0
16/11/2011 11:00:00;0
16/11/2011 11:15:00;0
16/11/2011 11:30:00;0
16/11/2011 11:45:00;0
16/11/2011 12:00:00;0
16/11/2011 12:15:00;0
16/11/2011 12:30:00;0
16/11/2011 12:45:00;0
16/11/2011 13:00:00;0
16/11/2011 13:15:00;0
16/11/2011 13:30:00;0
16/11/2011 13:45:00;0
16/11/2011 14:00:00;0
16/11/2011 14:15:00;0
16/11/2011 14:30:00;0
16/11/2011 14:45:00;0
16/11/2011 15:00:00;0
16/11/2011 15:15:00;0
16/11/2011 15:30:00;0
16/11/2011 15:45:00;0
16/11/2011 16:00:00;0
16/11/2011 16:15:00;0
16/11/2011 16:30:00;0
16/11/2011 16:45:00;0
16/11/2011 17:00:00;0
16/11/2011 17:15:00;0
16/11/2011 17:30:00;0
16/11/2011 17:45:00;0
16/11/2011 18:00:00;0
16/11/2011 18:15:00;0
16/11/2011 18:30:00;0
16/11/2011 18:45:00;0
16/11/2011 19:00:00;0
16/11/2011 19:15:00;0
16/11/2011 19:30:00;0
16/11/2011 19:45:00;0
16/11/2011 20:00:00;0
16/11/2011 20:15:00;0
16/11/2011 20:30:00;0
16/11/2011 20:45:00;0
16/11/2011 21:00:00;0
16/11/2011 21:15:00;0
16/11/2011 21:30:00;0
16/11/2011 21:45:00;0
16/11/2011 22:00:00;0
16/11/2011 22:15:00;0
16/11/2011 22:30:00;0
16/11/2011 22:45:00;0
16/11/2011 23:00:00;0
16/11/2011 23:15:00;0
16/11/2011 23:30:00;0
16/11/2011 23:45:00;0
17/11/2011 00:00:00;0
17/11/2011 00:15:00;0
17/11/2011 00:30:00;0
17/11/2011 00:45:00;0
17/11/2011 01:00:00;0
17/11/2011 01:15:00;0
17/11/2011 01:30:00;0
17/11/2011 01:45:00;0
17/11/2011 02:00:00;0
17/11/2011 02:15:00;0
17/11/2011 02:30:00;0
17/11/2011 02:45:00;0
17/11/2011 03:00:00;0
17/11/2011 03:15:00;0
17/11/2011 03:30:00;0
17/11/2011 03:45:00;0
17/11/2011 04:00:00;0
17/11/2011 04:15:00;0
17/11/2011 04:30:00;0
17/11/2011 04:45:00;0
17/11/2011 05:00:00;0
17/11/2011 05:15:00;0
17/11/2011 05:30:00;0
17/11/2011 05:45:00;0
17/11/2011 06:00:00;0
17/11/2011 06:15:00;0
17/11/2011 06:30:00;0
17/11/2011 06:45:00;0
17/11/2011 07:00:00;0
17/11/2011 07:15:00;0
17/11/2011 07:30:00;0
17/11/2011 07:45:00;0
17/11/2011 08:00:00;0
17/11/2011 08:15:00;0
17/11/2011 08:30:00;0
17/11/2011 08:45:00;0
17/11/2011 09:00:00;0
17/11/2011 09:15:00;0
17/11/2011 09:30:00;0
17/11/2011 09:45:00;0
17/11/2011 10:00:00;0
17/11/2011 10:15:00;0
17/11/2011 10:30:00;0
17/11/2011 10:45:00;0
17/11/2011 11:00:00;0
17/11/2011 11:15:00;0
17/11/2011 11:30:00;0
17/11/2011 11:45:00;0
17/11/2011 12:00:00;0
17/11/2011 12:15:00;0
17/11/2011 12:30:00;0
17/11/2011 12:45:00;0
17/11/2011 13:00:00;0
17/11/2011 13:15:00;0
17/11/2011 13:30:00;0
17/11/2011 13:45:00;0
17/11/2011 14:00:00;0
17/11/2011 14:15:00;0
17/11/2011 14:30:00;0
17/11/2011 14:45:00;0
17/11/2011 15:00:00;0
17/11/2011 15:15:00;0
17/11/2011 15:30:00;0
17/11/2011 15:45:00;0
17/11/2011 16:00:00;0
17/11/2011 16:15:00;0
17/11/2011 16:30:00;0
17/11/2011 16:45:00;0
17/11/2011 17:00:00;0
17/11/2011 17:15:00;0
17/11/2011 17:30:00;0
17/11/2011 17:45:00;0
17/11/2011 18:00:00;0
17/11/2011 18:15:00;7.576
17/11/2011 18:30:00;8.007
17/11/2011 18:45:00;14.827
17/11/2011 19:00:00;15.885
17/11/2011 19:15:00;15.922
17/11/2011 19:30:00;14.007
17/11/2011 19:45:00;8.103
17/11/2011 20:00:00;8.019
17/11/2011 20:15:00;8.072
17/11/2011 20:30:00;8.032
17/11/2011 20:45:00;0.501
17/11/2011 21:00:00;0
17/11/2011 21:15:00;0
17/11/2011 21:30:00;0
17/11/2011 21:45:00;0
17/11/2011 22:00:00;0
17/11/2011 22:15:00;0
17/11/2011 22:30:00;0
17/11/2011 22:45:00;0
17/11/2011 23:00:00;0
17/11/2011 23:15:00;0
17/11/2011 23:30:00;0
17/11/2011 23:45:00;0
18/11/2011 00:00:00;0
18/11/2011 00:15:00;0
18/11/2011 00:30:00;0
18/11/2011 00:45:00;0
18/11/2011 01:00:00;0
18/11/2011 01:15:00;0
18/11/2011 01:30:00;0
18/11/2011 01:45:00;0
18/11/2011 02:00:00;0
18/11/2011 02:15:00;0
18/11/2011 02:30:00;0.05
18/11/2011 02:45:00;0
18/11/2011 03:00:00;0
18/11/2011 03:15:00;0
18/11/2011 03:30:00;0
18/11/2011 03:45:00;0
18/11/2011 04:00:00;0
18/11/2011 04:15:00;0
18/11/2011 04:30:00;0
18/11/2011 04:45:00;0
18/11/2011 05:00:00;0
18/11/2011 05:15:00;0
18/11/2011 05:30:00;0
18/11/2011 05:45:00;0
18/11/2011 06:00:00;0
18/11/2011 06:15:00;0
18/11/2011 06:30:00;0
18/11/2011 06:45:00;0
18/11/2011 07:00:00;0
18/11/2011 07:15:00;0
18/11/2011 07:30:00;0
18/11/2011 07:45:00;0
18/11/2011 08:00:00;0
18/11/2011 08:15:00;0
18/11/2011 08:30:00;0
18/11/2011 08:45:00;0
18/11/2011 09:00:00;0
18/11/2011 09:15:00;0
18/11/2011 09:30:00;0
18/11/2011 09:45:00;0
18/11/2011 10:00:00;0
18/11/2011 10:15:00;0
18/11/2011 10:30:00;0
18/11/2011 10:45:00;0
18/11/2011 11:00:00;0
18/11/2011 11:15:00;0
18/11/2011 11:30:00;0
18/11/2011 11:45:00;0
18/11/2011 12:00:00;0
18/11/2011 12:15:00;0
18/11/2011 12:30:00;0
18/11/2011 12:45:00;0
18/11/2011 13:00:00;0
18/11/2011 13:15:00;0
18/11/2011 13:30:00;0
18/11/2011 13:45:00;0
18/11/2011 14:00:00;0
18/11/2011 14:15:00;0
18/11/2011 14:30:00;0
18/11/2011 14:45:00;0
18/11/2011 15:00:00;0
18/11/2011 15:15:00;0
18/11/2011 15:30:00;0
18/11/2011 15:45:00;0
18/11/2011 16:00:00;0
18/11/2011 16:15:00;0
18/11/2011 16:30:00;0
18/11/2011 16:45:00;0
18/11/2011 17:00:00;0
18/11/2011 17:15:00;0
18/11/2011 17:30:00;0
18/11/2011 17:45:00;0
18/11/2011 18:00:00;0
18/11/2011 18:15:00;0
18/11/2011 18:30:00;0
18/11/2011 18:45:00;0
18/11/2011 19:00:00;0
18/11/2011 19:15:00;0
18/11/2011 19:30:00;0
18/11/2011 19:45:00;0
18/11/2011 20:00:00;0
18/11/2011 20:15:00;0
18/11/2011 20:30:00;0
18/11/2011 20:45:00;0
18/11/2011 21:00:00;0
18/11/2011 21:15:00;0
18/11/2011 21:30:00;0
18/11/2011 21:45:00;0
18/11/2011 22:00:00;0
18/11/2011 22:15:00;0
18/11/2011 22:30:00;0
18/11/2011 22:45:00;0
18/11/2011 23:00:00;0
18/11/2011 23:15:00;0
18/11/2011 23:30:00;0
18/11/2011 23:45:00;0
19/11/2011 00:00:00;0
19/11/2011 00:15:00;0
19/11/2011 00:30:00;0
19/11/2011 00:45:00;0
19/11/2011 01:00:00;0
19/11/2011 01:15:00;0
19/11/2011 01:30:00;0
19/11/2011 01:45:00;0
19/11/2011 02:00:00;0
19/11/2011 02:15:00;0
19/11/2011 02:30:00;0
19/11/2011 02:45:00;0
19/11/2011 03:00:00;0
19/11/2011 03:15:00;0
19/11/2011 03:30:00;0
19/11/2011 03:45:00;0
19/11/2011 04:00:00;0
19/11/2011 04:15:00;0
19/11/2011 04:30:00;0
19/11/2011 04:45:00;0
19/11/2011 05:00:00;0
19/11/2011 05:15:00;0
19/11/2011 05:30:00;0
19/11/2011 05:45:00;0
19/11/2011 06:00:00;0
19/11/2011 06:15:00;0
19/11/2011 06:30:00;0
19/11/2011 06:45:00;0
19/11/2011 07:00:00;0
19/11/2011 07:15:00;0
19/11/2011 07:30:00;0
19/11/2011 07:45:00;0
19/11/2011 08:00:00;0
19/11/2011 08:15:00;0
19/11/2011 08:30:00;0
19/11/2011 08:45:00;0
19/11/2011 09:00:00;0
19/11/2011 09:15:00;0
19/11/2011 09:30:00;0
19/11/2011 09:45:00;0
19/11/2011 10:00:00;0
19/11/2011 10:15:00;0
19/11/2011 10:30:00;0
19/11/2011 10:45:00;0
19/11/2011 11:00:00;0
19/11/2011 11:15:00;0
19/11/2011 11:30:00;0
19/11/2011 11:45:00;0
19/11/2011 12:00:00;0
19/11/2011 12:15:00;0
19/11/2011 12:30:00;0
19/11/2011 12:45:00;0
19/11/2011 13:00:00;0
19/11/2011 13:15:00;0
19/11/2011 13:30:00;0
19/11/2011 13:45:00;0
19/11/2011 14:00:00;0
19/11/2011 14:15:00;0
19/11/2011 14:30:00;0
19/11/2011 14:45:00;0
19/11/2011 15:00:00;0
19/11/2011 15:15:00;0
19/11/2011 15:30:00;0
19/11/2011 15:45:00;0
19/11/2011 16:00:00;0
19/11/2011 16:15:00;0
19/11/2011 16:30:00;0
19/11/2011 16:45:00;0
19/11/2011 17:00:00;0
19/11/2011 17:15:00;0
19/11/2011 17:30:00;0
19/11/2011 17:45:00;0
19/11/2011 18:00:00;0
19/11/2011 18:15:00;0
19/11/2011 18:30:00;0
19/11/2011 18:45:00;0
19/11/2011 19:00:00;0
19/11/2011 19:15:00;0
19/11/2011 19:30:00;0
19/11/2011 19:45:00;0
19/11/2011 20:00:00;0
19/11/2011 20:15:00;0
19/11/2011 20:30:00;0
19/11/2011 20:45:00;0
19/11/2011 21:00:00;0
19/11/2011 21:15:00;0
19/11/2011 21:30:00;0
19/11/2011 21:45:00;0
19/11/2011 22:00:00;0.044
19/11/2011 22:15:00;0
19/11/2011 22:30:00;0
19/11/2011 22:45:00;0
19/11/2011 23:00:00;0
19/11/2011 23:15:00;0
19/11/2011 23:30:00;0
19/11/2011 23:45:00;0
20/11/2011 00:00:00;0
20/11/2011 00:15:00;0
20/11/2011 00:30:00;0
20/11/2011 00:45:00;0
20/11/2011 01:00:00;0
20/11/2011 01:15:00;0
20/11/2011 01:30:00;0
20/11/2011 01:45:00;0
20/11/2011 02:00:00;0
20/11/2011 02:15:00;0
20/11/2011 02:30:00;0
20/11/2011 02:45:00;0
20/11/2011 03:00:00;0
20/11/2011 03:15:00;0
20/11/2011 03:30:00;0
20/11/2011 03:45:00;0
20/11/2011 04:00:00;0
20/11/2011 04:15:00;0
20/11/2011 04:30:00;0
20/11/2011 04:45:00;0
20/11/2011 05:00:00;0
20/11/2011 05:15:00;0
20/11/2011 05:30:00;0
20/11/2011 05:45:00;0
20/11/2011 06:00:00;0
20/11/2011 06:15:00;0
20/11/2011 06:30:00;0
20/11/2011 06:45:00;0
20/11/2011 07:00:00;0
20/11/2011 07:15:00;0
20/11/2011 07:30:00;0
20/11/2011 07:45:00;0
20/11/2011 08:00:00;0
20/11/2011 08:15:00;0
20/11/2011 08:30:00;0
20/11/2011 08:45:00;0
20/11/2011 09:00:00;0
20/11/2011 09:15:00;0
20/11/2011 09:30:00;0
20/11/2011 09:45:00;0
20/11/2011 10:00:00;0
20/11/2011 10:15:00;0
20/11/2011 10:30:00;0
20/11/2011 10:45:00;0
20/11/2011 11:00:00;0
20/11/2011 11:15:00;0
20/11/2011 11:30:00;0
20/11/2011 11:45:00;0
20/11/2011 12:00:00;0
20/11/2011 12:15:00;0
20/11/2011 12:30:00;0
20/11/2011 12:45:00;0
20/11/2011 13:00:00;0
20/11/2011 13:15:00;0
20/11/2011 13:30:00;0
20/11/2011 13:45:00;0
20/11/2011 14:00:00;0
20/11/2011 14:15:00;0
20/11/2011 14:30:00;0
20/11/2011 14:45:00;0
20/11/2011 15:00:00;0
20/11/2011 15:15:00;0
20/11/2011 15:30:00;0
20/11/2011 15:45:00;0
20/11/2011 16:00:00;0
20/11/2011 16:15:00;0
20/11/2011 16:30:00;0
20/11/2011 16:45:00;0
20/11/2011 17:00:00;0
20/11/2011 17:15:00;0
20/11/2011 17:30:00;0
20/11/2011 17:45:00;0
20/11/2011 18:00:00;0
20/11/2011 18:15:00;0
20/11/2011 18:30:00;0
20/11/2011 18:45:00;0
20/11/2011 19:00:00;0
20/11/2011 19:15:00;0
20/11/2011 19:30:00;0
20/11/2011 19:45:00;0
20/11/2011 20:00:00;0
20/11/2011 20:15:00;0
20/11/2011 20:30:00;0
20/11/2011 20:45:00;0
20/11/2011 21:00:00;0
20/11/2011 21:15:00;0
20/11/2011 21:30:00;0
20/11/2011 21:45:00;0
20/11/2011 22:00:00;0
20/11/2011 22:15:00;0
20/11/2011 22:30:00;0
20/11/2011 22:45:00;0
20/11/2011 23:00:00;0
20/11/2011 23:15:00;0
20/11/2011 23:30:00;0
20/11/2011 23:45:00;0
21/11/2011 00:00:00;0
21/11/2011 00:15:00;0
21/11/2011 00:30:00;0
21/11/2011 00:45:00;0
21/11/2011 01:00:00;0
21/11/2011 01:15:00;0
21/11/2011 01:30:00;0
21/11/2011 01:45:00;0
21/11/2011 02:00:00;0
21/11/2011 02:15:00;0
21/11/2011 02:30:00;0
21/11/2011 02:45:00;0
21/11/2011 03:00:00;0
21/11/2011 03:15:00;0
21/11/2011 03:30:00;0
21/11/2011 03:45:00;0
21/11/2011 04:00:00;0
21/11/2011 04:15:00;0
21/11/2011 04:30:00;0
21/11/2011 04:45:00;0
21/11/2011 05:00:00;0
21/11/2011 05:15:00;0
21/11/2011 05:30:00;0
21/11/2011 05:45:00;0
21/11/2011 06:00:00;0
21/11/2011 06:15:00;0
21/11/2011 06:30:00;0
21/11/2011 06:45:00;0
21/11/2011 07:00:00;0
21/11/2011 07:15:00;0
21/11/2011 07:30:00;0
21/11/2011 07:45:00;0
21/11/2011 08:00:00;0
21/11/2011 08:15:00;0
21/11/2011 08:30:00;0
21/11/2011 08:45:00;0
21/11/2011 09:00:00;0
21/11/2011 09:15:00;0
21/11/2011 09:30:00;0
21/11/2011 09:45:00;0
21/11/2011 10:00:00;0
21/11/2011 10:15:00;0
21/11/2011 10:30:00;0
21/11/2011 10:45:00;0
21/11/2011 11:00:00;0
21/11/2011 11:15:00;0
21/11/2011 11:30:00;0
21/11/2011 11:45:00;0
21/11/2011 12:00:00;0
21/11/2011 12:15:00;0
21/11/2011 12:30:00;0
21/11/2011 12:45:00;0
21/11/2011 13:00:00;0
21/11/2011 13:15:00;0
21/11/2011 13:30:00;0
21/11/2011 13:45:00;5.58
21/11/2011 14:00:00;6.13
21/11/2011 14:15:00;0.481
21/11/2011 14:30:00;0
21/11/2011 14:45:00;0
21/11/2011 15:00:00;0
21/11/2011 15:15:00;0
21/11/2011 15:30:00;0
21/11/2011 15:45:00;0
21/11/2011 16:00:00;0
21/11/2011 16:15:00;0
21/11/2011 16:30:00;0
21/11/2011 16:45:00;0
21/11/2011 17:00:00;0
21/11/2011 17:15:00;0
21/11/2011 17:30:00;0
21/11/2011 17:45:00;0
21/11/2011 18:00:00;3.112
21/11/2011 18:15:00;8.144
21/11/2011 18:30:00;8.151
21/11/2011 18:45:00;8.218
21/11/2011 19:00:00;15.727
21/11/2011 19:15:00;15.978
21/11/2011 19:30:00;16.139
21/11/2011 19:45:00;16.287
21/11/2011 20:00:00;15.86
21/11/2011 20:15:00;16.228
21/11/2011 20:30:00;6.273
21/11/2011 20:45:00;0
21/11/2011 21:00:00;0
21/11/2011 21:15:00;0
21/11/2011 21:30:00;0
21/11/2011 21:45:00;0
21/11/2011 22:00:00;0
21/11/2011 22:15:00;0
21/11/2011 22:30:00;0
21/11/2011 22:45:00;0
21/11/2011 23:00:00;0
21/11/2011 23:15:00;0
21/11/2011 23:30:00;0
21/11/2011 23:45:00;0
22/11/2011 00:00:00;0
22/11/2011 00:15:00;0
22/11/2011 00:30:00;0
22/11/2011 00:45:00;0
22/11/2011 01:00:00;0
22/11/2011 01:15:00;0
22/11/2011 01:30:00;0
22/11/2011 01:45:00;0
22/11/2011 02:00:00;0
22/11/2011 02:15:00;0
22/11/2011 02:30:00;0
22/11/2011 02:45:00;0
22/11/2011 03:00:00;0
22/11/2011 03:15:00;0
22/11/2011 03:30:00;0
22/11/2011 03:45:00;0
22/11/2011 04:00:00;0
22/11/2011 04:15:00;0
22/11/2011 04:30:00;0
22/11/2011 04:45:00;0
22/11/2011 05:00:00;0
22/11/2011 05:15:00;0
22/11/2011 05:30:00;0
22/11/2011 05:45:00;0
22/11/2011 06:00:00;0
22/11/2011 06:15:00;0
22/11/2011 06:30:00;0
22/11/2011 06:45:00;0
22/11/2011 07:00:00;0
22/11/2011 07:15:00;0
22/11/2011 07:30:00;0
22/11/2011 07:45:00;0
22/11/2011 08:00:00;0
22/11/2011 08:15:00;0
22/11/2011 08:30:00;0
22/11/2011 08:45:00;0
22/11/2011 09:00:00;0
22/11/2011 09:15:00;0
22/11/2011 09:30:00;0
22/11/2011 09:45:00;0
22/11/2011 10:00:00;0
22/11/2011 10:15:00;0
22/11/2011 10:30:00;0
22/11/2011 10:45:00;0
22/11/2011 11:00:00;0
22/11/2011 11:15:00;0
22/11/2011 11:30:00;0
22/11/2011 11:45:00;0
22/11/2011 12:00:00;0
22/11/2011 12:15:00;0
22/11/2011 12:30:00;0
22/11/2011 12:45:00;0
22/11/2011 13:00:00;0
22/11/2011 13:15:00;0
22/11/2011 13:30:00;0
22/11/2011 13:45:00;0
22/11/2011 14:00:00;0
22/11/2011 14:15:00;0
22/11/2011 14:30:00;0
22/11/2011 14:45:00;0
22/11/2011 15:00:00;0
22/11/2011 15:15:00;0
22/11/2011 15:30:00;0
22/11/2011 15:45:00;0
22/11/2011 16:00:00;0
22/11/2011 16:15:00;0
22/11/2011 16:30:00;0
22/11/2011 16:45:00;0
22/11/2011 17:00:00;0
22/11/2011 17:15:00;0
22/11/2011 17:30:00;0
22/11/2011 17:45:00;0
22/11/2011 18:00:00;0
22/11/2011 18:15:00;0
22/11/2011 18:30:00;0
22/11/2011 18:45:00;0
22/11/2011 19:00:00;0
22/11/2011 19:15:00;0
22/11/2011 19:30:00;0
22/11/2011 19:45:00;0
22/11/2011 20:00:00;6.207
22/11/2011 20:15:00;7.891
22/11/2011 20:30:00;7.94
22/11/2011 20:45:00;7.96
22/11/2011 21:00:00;7.925
22/11/2011 21:15:00;7.994
22/11/2011 21:30:00;7.831
22/11/2011 21:45:00;8.112
22/11/2011 22:00:00;8.033
22/11/2011 22:15:00;8.025
22/11/2011 22:30:00;8.008
22/11/2011 22:45:00;2.375
22/11/2011 23:00:00;0
22/11/2011 23:15:00;0
22/11/2011 23:30:00;0
22/11/2011 23:45:00;0
23/11/2011 00:00:00;0
23/11/2011 00:15:00;0
23/11/2011 00:30:00;0
23/11/2011 00:45:00;0
23/11/2011 01:00:00;0
23/11/2011 01:15:00;0
23/11/2011 01:30:00;0
23/11/2011 01:45:00;0
23/11/2011 02:00:00;0
23/11/2011 02:15:00;0
23/11/2011 02:30:00;0
23/11/2011 02:45:00;0
23/11/2011 03:00:00;0
23/11/2011 03:15:00;0
23/11/2011 03:30:00;0
23/11/2011 03:45:00;0
23/11/2011 04:00:00;0
23/11/2011 04:15:00;0
23/11/2011 04:30:00;0
23/11/2011 04:45:00;0
23/11/2011 05:00:00;0
23/11/2011 05:15:00;0
23/11/2011 05:30:00;0
23/11/2011 05:45:00;0
23/11/2011 06:00:00;0
23/11/2011 06:15:00;0
23/11/2011 06:30:00;0
23/11/2011 06:45:00;0
23/11/2011 07:00:00;0
23/11/2011 07:15:00;0
23/11/2011 07:30:00;0
23/11/2011 07:45:00;0
23/11/2011 08:00:00;0
23/11/2011 08:15:00;0
23/11/2011 08:30:00;0
23/11/2011 08:45:00;0
23/11/2011 09:00:00;0
23/11/2011 09:15:00;0
23/11/2011 09:30:00;0
23/11/2011 09:45:00;0
23/11/2011 10:00:00;0
23/11/2011 10:15:00;0
23/11/2011 10:30:00;0
23/11/2011 10:45:00;0
23/11/2011 11:00:00;0
23/11/2011 11:15:00;0
23/11/2011 11:30:00;0
23/11/2011 11:45:00;0
23/11/2011 12:00:00;0
23/11/2011 12:15:00;0
23/11/2011 12:30:00;0
23/11/2011 12:45:00;0
23/11/2011 13:00:00;0
23/11/2011 13:15:00;0
23/11/2011 13:30:00;0.049
23/11/2011 13:45:00;0
23/11/2011 14:00:00;0
23/11/2011 14:15:00;0
23/11/2011 14:30:00;0
23/11/2011 14:45:00;0
23/11/2011 15:00:00;0
23/11/2011 15:15:00;0
23/11/2011 15:30:00;0
23/11/2011 15:45:00;0
23/11/2011 16:00:00;0
23/11/2011 16:15:00;0
23/11/2011 16:30:00;0
23/11/2011 16:45:00;0
23/11/2011 17:00:00;0
23/11/2011 17:15:00;0
23/11/2011 17:30:00;0
23/11/2011 17:45:00;0
23/11/2011 18:00:00;0
23/11/2011 18:15:00;0
23/11/2011 18:30:00;0
23/11/2011 18:45:00;2.954
23/11/2011 19:00:00;7.989
23/11/2011 19:15:00;8.14
23/11/2011 19:30:00;8.093
23/11/2011 19:45:00;8.079
23/11/2011 20:00:00;8.12
23/11/2011 20:15:00;8.114
23/11/2011 20:30:00;1.465
23/11/2011 20:45:00;0
23/11/2011 21:00:00;0
23/11/2011 21:15:00;0
23/11/2011 21:30:00;0
23/11/2011 21:45:00;0
23/11/2011 22:00:00;0
23/11/2011 22:15:00;0
23/11/2011 22:30:00;0
23/11/2011 22:45:00;0
23/11/2011 23:00:00;0
23/11/2011 23:15:00;0
23/11/2011 23:30:00;0
23/11/2011 23:45:00;0
24/11/2011 00:00:00;0
24/11/2011 00:15:00;0
24/11/2011 00:30:00;0
24/11/2011 00:45:00;0
24/11/2011 01:00:00;0
24/11/2011 01:15:00;0
24/11/2011 01:30:00;0
24/11/2011 01:45:00;0
24/11/2011 02:00:00;0
24/11/2011 02:15:00;0
24/11/2011 02:30:00;0
24/11/2011 02:45:00;0
24/11/2011 03:00:00;0
24/11/2011 03:15:00;0
24/11/2011 03:30:00;0
24/11/2011 03:45:00;0
24/11/2011 04:00:00;0
24/11/2011 04:15:00;0
24/11/2011 04:30:00;0
24/11/2011 04:45:00;0
24/11/2011 05:00:00;0
24/11/2011 05:15:00;0
24/11/2011 05:30:00;0
24/11/2011 05:45:00;0
24/11/2011 06:00:00;0
24/11/2011 06:15:00;0
24/11/2011 06:30:00;0
24/11/2011 06:45:00;0
24/11/2011 07:00:00;0
24/11/2011 07:15:00;0
24/11/2011 07:30:00;0
24/11/2011 07:45:00;0
24/11/2011 08:00:00;0
24/11/2011 08:15:00;0
24/11/2011 08:30:00;0
24/11/2011 08:45:00;0
24/11/2011 09:00:00;0
24/11/2011 09:15:00;0
24/11/2011 09:30:00;0
24/11/2011 09:45:00;0
24/11/2011 10:00:00;0
24/11/2011 10:15:00;0
24/11/2011 10:30:00;0
24/11/2011 10:45:00;0
24/11/2011 11:00:00;0
24/11/2011 11:15:00;0
24/11/2011 11:30:00;0
24/11/2011 11:45:00;0
24/11/2011 12:00:00;0
24/11/2011 12:15:00;0
24/11/2011 12:30:00;0
24/11/2011 12:45:00;0
24/11/2011 13:00:00;0
24/11/2011 13:15:00;0
24/11/2011 13:30:00;0
24/11/2011 13:45:00;0
24/11/2011 14:00:00;0
24/11/2011 14:15:00;0
24/11/2011 14:30:00;0
24/11/2011 14:45:00;0
24/11/2011 15:00:00;0
24/11/2011 15:15:00;0
24/11/2011 15:30:00;0
24/11/2011 15:45:00;0
24/11/2011 16:00:00;0
24/11/2011 16:15:00;0
24/11/2011 16:30:00;0
24/11/2011 16:45:00;0
24/11/2011 17:00:00;0
24/11/2011 17:15:00;0
24/11/2011 17:30:00;0
24/11/2011 17:45:00;1.672
24/11/2011 18:00:00;8.009
24/11/2011 18:15:00;7.986
24/11/2011 18:30:00;7.96
24/11/2011 18:45:00;7.961
24/11/2011 19:00:00;8.112
24/11/2011 19:15:00;8.155
24/11/2011 19:30:00;8.076
24/11/2011 19:45:00;8.226
24/11/2011 20:00:00;7.957
24/11/2011 20:15:00;8.068
24/11/2011 20:30:00;8.172
24/11/2011 20:45:00;0.379
24/11/2011 21:00:00;0
24/11/2011 21:15:00;0
24/11/2011 21:30:00;0
24/11/2011 21:45:00;0
24/11/2011 22:00:00;0
24/11/2011 22:15:00;0
24/11/2011 22:30:00;0
24/11/2011 22:45:00;0
24/11/2011 23:00:00;0
24/11/2011 23:15:00;0
24/11/2011 23:30:00;0
24/11/2011 23:45:00;0
25/11/2011 00:00:00;0
25/11/2011 00:15:00;0
25/11/2011 00:30:00;0
25/11/2011 00:45:00;0
25/11/2011 01:00:00;0
25/11/2011 01:15:00;0
25/11/2011 01:30:00;0
25/11/2011 01:45:00;0
25/11/2011 02:00:00;0
25/11/2011 02:15:00;0
25/11/2011 02:30:00;0
25/11/2011 02:45:00;0
25/11/2011 03:00:00;0
25/11/2011 03:15:00;0
25/11/2011 03:30:00;0
25/11/2011 03:45:00;0
25/11/2011 04:00:00;0
25/11/2011 04:15:00;0
25/11/2011 04:30:00;0
25/11/2011 04:45:00;0
25/11/2011 05:00:00;0
25/11/2011 05:15:00;0
25/11/2011 05:30:00;0
25/11/2011 05:45:00;0
25/11/2011 06:00:00;0
25/11/2011 06:15:00;0
25/11/2011 06:30:00;0
25/11/2011 06:45:00;0
25/11/2011 07:00:00;0
25/11/2011 07:15:00;0
25/11/2011 07:30:00;0
25/11/2011 07:45:00;0
25/11/2011 08:00:00;0
25/11/2011 08:15:00;0
25/11/2011 08:30:00;0
25/11/2011 08:45:00;0
25/11/2011 09:00:00;0
25/11/2011 09:15:00;0.044
25/11/2011 09:30:00;0
25/11/2011 09:45:00;0
25/11/2011 10:00:00;0
25/11/2011 10:15:00;0
25/11/2011 10:30:00;0
25/11/2011 10:45:00;0
25/11/2011 11:00:00;0
25/11/2011 11:15:00;0
25/11/2011 11:30:00;0
25/11/2011 11:45:00;0
25/11/2011 12:00:00;0
25/11/2011 12:15:00;0
25/11/2011 12:30:00;0
25/11/2011 12:45:00;0
25/11/2011 13:00:00;0
25/11/2011 13:15:00;0
25/11/2011 13:30:00;0
25/11/2011 13:45:00;0
25/11/2011 14:00:00;0
25/11/2011 14:15:00;0
25/11/2011 14:30:00;0
25/11/2011 14:45:00;0
25/11/2011 15:00:00;0
25/11/2011 15:15:00;0
25/11/2011 15:30:00;0
25/11/2011 15:45:00;0
25/11/2011 16:00:00;0
25/11/2011 16:15:00;0
25/11/2011 16:30:00;0
25/11/2011 16:45:00;0
25/11/2011 17:00:00;0
25/11/2011 17:15:00;0
25/11/2011 17:30:00;0
25/11/2011 17:45:00;0
25/11/2011 18:00:00;0
25/11/2011 18:15:00;0
25/11/2011 18:30:00;0
25/11/2011 18:45:00;0
25/11/2011 19:00:00;0
25/11/2011 19:15:00;0
25/11/2011 19:30:00;0
25/11/2011 19:45:00;0
25/11/2011 20:00:00;0
25/11/2011 20:15:00;0
25/11/2011 20:30:00;0.116
25/11/2011 20:45:00;4.152
25/11/2011 21:00:00;4.167
25/11/2011 21:15:00;4.158
25/11/2011 21:30:00;4.105
25/11/2011 21:45:00;4.252
25/11/2011 22:00:00;0.354
25/11/2011 22:15:00;0
25/11/2011 22:30:00;0
25/11/2011 22:45:00;0
25/11/2011 23:00:00;0
25/11/2011 23:15:00;0
25/11/2011 23:30:00;0
25/11/2011 23:45:00;0
26/11/2011 00:00:00;0
26/11/2011 00:15:00;0
26/11/2011 00:30:00;0
26/11/2011 00:45:00;0
26/11/2011 01:00:00;0
26/11/2011 01:15:00;0
26/11/2011 01:30:00;0
26/11/2011 01:45:00;0
26/11/2011 02:00:00;0
26/11/2011 02:15:00;0
26/11/2011 02:30:00;0
26/11/2011 02:45:00;0
26/11/2011 03:00:00;0
26/11/2011 03:15:00;0
26/11/2011 03:30:00;0
26/11/2011 03:45:00;0
26/11/2011 04:00:00;0
26/11/2011 04:15:00;0
26/11/2011 04:30:00;0
26/11/2011 04:45:00;0
26/11/2011 05:00:00;0
26/11/2011 05:15:00;0
26/11/2011 05:30:00;0
26/11/2011 05:45:00;0
26/11/2011 06:00:00;0
26/11/2011 06:15:00;0
26/11/2011 06:30:00;0
26/11/2011 06:45:00;0
26/11/2011 07:00:00;0
26/11/2011 07:15:00;0
26/11/2011 07:30:00;0
26/11/2011 07:45:00;0
26/11/2011 08:00:00;0
26/11/2011 08:15:00;0
26/11/2011 08:30:00;0
26/11/2011 08:45:00;0
26/11/2011 09:00:00;0
26/11/2011 09:15:00;0
26/11/2011 09:30:00;0
26/11/2011 09:45:00;0
26/11/2011 10:00:00;0
26/11/2011 10:15:00;0
26/11/2011 10:30:00;0
26/11/2011 10:45:00;0
26/11/2011 11:00:00;0
26/11/2011 11:15:00;0
26/11/2011 11:30:00;0
26/11/2011 11:45:00;0
26/11/2011 12:00:00;0
26/11/2011 12:15:00;0
26/11/2011 12:30:00;0
26/11/2011 12:45:00;0
26/11/2011 13:00:00;0
26/11/2011 13:15:00;0
26/11/2011 13:30:00;0
26/11/2011 13:45:00;0
26/11/2011 14:00:00;0
26/11/2011 14:15:00;0
26/11/2011 14:30:00;0
26/11/2011 14:45:00;0
26/11/2011 15:00:00;0
26/11/2011 15:15:00;0
26/11/2011 15:30:00;0
26/11/2011 15:45:00;0
26/11/2011 16:00:00;0
26/11/2011 16:15:00;0
26/11/2011 16:30:00;0
26/11/2011 16:45:00;0
26/11/2011 17:00:00;0
26/11/2011 17:15:00;0
26/11/2011 17:30:00;0
26/11/2011 17:45:00;0
26/11/2011 18:00:00;0
26/11/2011 18:15:00;0
26/11/2011 18:30:00;0
26/11/2011 18:45:00;0
26/11/2011 19:00:00;0
26/11/2011 19:15:00;0
26/11/2011 19:30:00;0
26/11/2011 19:45:00;0
26/11/2011 20:00:00;0
26/11/2011 20:15:00;0
26/11/2011 20:30:00;0
26/11/2011 20:45:00;0
26/11/2011 21:00:00;0
26/11/2011 21:15:00;0
26/11/2011 21:30:00;0
26/11/2011 21:45:00;0
26/11/2011 22:00:00;0
26/11/2011 22:15:00;0
26/11/2011 22:30:00;0
26/11/2011 22:45:00;0
26/11/2011 23:00:00;0
26/11/2011 23:15:00;0
26/11/2011 23:30:00;0
26/11/2011 23:45:00;0
27/11/2011 00:00:00;0
27/11/2011 00:15:00;0
27/11/2011 00:30:00;0
27/11/2011 00:45:00;0
27/11/2011 01:00:00;0
27/11/2011 01:15:00;0
27/11/2011 01:30:00;0
27/11/2011 01:45:00;0
27/11/2011 02:00:00;0
27/11/2011 02:15:00;0
27/11/2011 02:30:00;0
27/11/2011 02:45:00;0
27/11/2011 03:00:00;0
27/11/2011 03:15:00;0
27/11/2011 03:30:00;0
27/11/2011 03:45:00;0
27/11/2011 04:00:00;0
27/11/2011 04:15:00;0
27/11/2011 04:30:00;0.053
27/11/2011 04:45:00;0
27/11/2011 05:00:00;0
27/11/2011 05:15:00;0
27/11/2011 05:30:00;0
27/11/2011 05:45:00;0
27/11/2011 06:00:00;0
27/11/2011 06:15:00;0
27/11/2011 06:30:00;0
27/11/2011 06:45:00;0
27/11/2011 07:00:00;0
27/11/2011 07:15:00;0
27/11/2011 07:30:00;0
27/11/2011 07:45:00;0
27/11/2011 08:00:00;0
27/11/2011 08:15:00;0
27/11/2011 08:30:00;0
27/11/2011 08:45:00;0
27/11/2011 09:00:00;0
27/11/2011 09:15:00;0
27/11/2011 09:30:00;0
27/11/2011 09:45:00;0
27/11/2011 10:00:00;0
27/11/2011 10:15:00;0
27/11/2011 10:30:00;0
27/11/2011 10:45:00;0
27/11/2011 11:00:00;0
27/11/2011 11:15:00;0
27/11/2011 11:30:00;0
27/11/2011 11:45:00;0
27/11/2011 12:00:00;0
27/11/2011 12:15:00;0
27/11/2011 12:30:00;0
27/11/2011 12:45:00;0
27/11/2011 13:00:00;0
27/11/2011 13:15:00;0
27/11/2011 13:30:00;0
27/11/2011 13:45:00;0
27/11/2011 14:00:00;0
27/11/2011 14:15:00;0
27/11/2011 14:30:00;0
27/11/2011 14:45:00;0
27/11/2011 15:00:00;0
27/11/2011 15:15:00;0
27/11/2011 15:30:00;0
27/11/2011 15:45:00;0
27/11/2011 16:00:00;0
27/11/2011 16:15:00;0
27/11/2011 16:30:00;0
27/11/2011 16:45:00;0
27/11/2011 17:00:00;0
27/11/2011 17:15:00;0
27/11/2011 17:30:00;0
27/11/2011 17:45:00;0
27/11/2011 18:00:00;0
27/11/2011 18:15:00;0
27/11/2011 18:30:00;0
27/11/2011 18:45:00;0
27/11/2011 19:00:00;0
27/11/2011 19:15:00;0
27/11/2011 19:30:00;0
27/11/2011 19:45:00;0
27/11/2011 20:00:00;0
27/11/2011 20:15:00;0
27/11/2011 20:30:00;0
27/11/2011 20:45:00;0
27/11/2011 21:00:00;0
27/11/2011 21:15:00;0
27/11/2011 21:30:00;0
27/11/2011 21:45:00;0
27/11/2011 22:00:00;0
27/11/2011 22:15:00;0
27/11/2011 22:30:00;0
27/11/2011 22:45:00;0
27/11/2011 23:00:00;0
27/11/2011 23:15:00;0
27/11/2011 23:30:00;0
27/11/2011 23:45:00;0
28/11/2011 00:00:00;0
28/11/2011 00:15:00;0
28/11/2011 00:30:00;0
28/11/2011 00:45:00;0
28/11/2011 01:00:00;0
28/11/2011 01:15:00;0
28/11/2011 01:30:00;0
28/11/2011 01:45:00;0
28/11/2011 02:00:00;0
28/11/2011 02:15:00;0
28/11/2011 02:30:00;0
28/11/2011 02:45:00;0
28/11/2011 03:00:00;0
28/11/2011 03:15:00;0
28/11/2011 03:30:00;0
28/11/2011 03:45:00;0
28/11/2011 04:00:00;0
28/11/2011 04:15:00;0
28/11/2011 04:30:00;0
28/11/2011 04:45:00;0
28/11/2011 05:00:00;0
28/11/2011 05:15:00;0
28/11/2011 05:30:00;0
28/11/2011 05:45:00;0
28/11/2011 06:00:00;0
28/11/2011 06:15:00;0
28/11/2011 06:30:00;0
28/11/2011 06:45:00;0
28/11/2011 07:00:00;0
28/11/2011 07:15:00;0
28/11/2011 07:30:00;0
28/11/2011 07:45:00;0
28/11/2011 08:00:00;0
28/11/2011 08:15:00;0
28/11/2011 08:30:00;0
28/11/2011 08:45:00;0
28/11/2011 09:00:00;0
28/11/2011 09:15:00;0
28/11/2011 09:30:00;0
28/11/2011 09:45:00;0
28/11/2011 10:00:00;0
28/11/2011 10:15:00;0
28/11/2011 10:30:00;0
28/11/2011 10:45:00;0
28/11/2011 11:00:00;0
28/11/2011 11:15:00;0
28/11/2011 11:30:00;0
28/11/2011 11:45:00;0
28/11/2011 12:00:00;0
28/11/2011 12:15:00;0
28/11/2011 12:30:00;0
28/11/2011 12:45:00;0
28/11/2011 13:00:00;0
28/11/2011 13:15:00;0
28/11/2011 13:30:00;0
28/11/2011 13:45:00;0
28/11/2011 14:00:00;0
28/11/2011 14:15:00;0
28/11/2011 14:30:00;0
28/11/2011 14:45:00;0
28/11/2011 15:00:00;0
28/11/2011 15:15:00;0
28/11/2011 15:30:00;0
28/11/2011 15:45:00;0
28/11/2011 16:00:00;0
28/11/2011 16:15:00;0
28/11/2011 16:30:00;0
28/11/2011 16:45:00;0
28/11/2011 17:00:00;0
28/11/2011 17:15:00;0
28/11/2011 17:30:00;0
28/11/2011 17:45:00;0
28/11/2011 18:00:00;0
28/11/2011 18:15:00;12.784
28/11/2011 18:30:00;15.796
28/11/2011 18:45:00;16.034
28/11/2011 19:00:00;15.865
28/11/2011 19:15:00;16.017
28/11/2011 19:30:00;15.995
28/11/2011 19:45:00;15.694
28/11/2011 20:00:00;13.873
28/11/2011 20:15:00;3.911
28/11/2011 20:30:00;0
28/11/2011 20:45:00;0
28/11/2011 21:00:00;0
28/11/2011 21:15:00;0
28/11/2011 21:30:00;0
28/11/2011 21:45:00;0
28/11/2011 22:00:00;0
28/11/2011 22:15:00;0
28/11/2011 22:30:00;0
28/11/2011 22:45:00;0
28/11/2011 23:00:00;0
28/11/2011 23:15:00;0
28/11/2011 23:30:00;0
28/11/2011 23:45:00;0
29/11/2011 00:00:00;0
29/11/2011 00:15:00;0
29/11/2011 00:30:00;0
29/11/2011 00:45:00;0
29/11/2011 01:00:00;0
29/11/2011 01:15:00;0
29/11/2011 01:30:00;0
29/11/2011 01:45:00;0
29/11/2011 02:00:00;0
29/11/2011 02:15:00;0
29/11/2011 02:30:00;0
29/11/2011 02:45:00;0.043
29/11/2011 03:00:00;0
29/11/2011 03:15:00;0
29/11/2011 03:30:00;0
29/11/2011 03:45:00;0
29/11/2011 04:00:00;0
29/11/2011 04:15:00;0
29/11/2011 04:30:00;0
29/11/2011 04:45:00;0
29/11/2011 05:00:00;0
29/11/2011 05:15:00;0
29/11/2011 05:30:00;0
29/11/2011 05:45:00;0
29/11/2011 06:00:00;0
29/11/2011 06:15:00;0
29/11/2011 06:30:00;0
29/11/2011 06:45:00;0
29/11/2011 07:00:00;0
29/11/2011 07:15:00;0
29/11/2011 07:30:00;0
29/11/2011 07:45:00;0
29/11/2011 08:00:00;0
29/11/2011 08:15:00;0
29/11/2011 08:30:00;0
29/11/2011 08:45:00;0
29/11/2011 09:00:00;0
29/11/2011 09:15:00;0
29/11/2011 09:30:00;0
29/11/2011 09:45:00;0
29/11/2011 10:00:00;0
29/11/2011 10:15:00;0
29/11/2011 10:30:00;0
29/11/2011 10:45:00;0
29/11/2011 11:00:00;0
29/11/2011 11:15:00;0
29/11/2011 11:30:00;0
29/11/2011 11:45:00;0
29/11/2011 12:00:00;0
29/11/2011 12:15:00;0
29/11/2011 12:30:00;0
29/11/2011 12:45:00;0
29/11/2011 13:00:00;0
29/11/2011 13:15:00;0
29/11/2011 13:30:00;0
29/11/2011 13:45:00;0
29/11/2011 14:00:00;0
29/11/2011 14:15:00;0
29/11/2011 14:30:00;0
29/11/2011 14:45:00;0
29/11/2011 15:00:00;0
29/11/2011 15:15:00;0
29/11/2011 15:30:00;0
29/11/2011 15:45:00;0
29/11/2011 16:00:00;0
29/11/2011 16:15:00;0
29/11/2011 16:30:00;0
29/11/2011 16:45:00;0
29/11/2011 17:00:00;0
29/11/2011 17:15:00;0
29/11/2011 17:30:00;0
29/11/2011 17:45:00;0
29/11/2011 18:00:00;0
29/11/2011 18:15:00;0
29/11/2011 18:30:00;0
29/11/2011 18:45:00;0
29/11/2011 19:00:00;0
29/11/2011 19:15:00;0
29/11/2011 19:30:00;0
29/11/2011 19:45:00;0
29/11/2011 20:00:00;2.169
29/11/2011 20:15:00;8.146
29/11/2011 20:30:00;8.143
29/11/2011 20:45:00;8.118
29/11/2011 21:00:00;7.959
29/11/2011 21:15:00;8.073
29/11/2011 21:30:00;8.115
29/11/2011 21:45:00;8.173
29/11/2011 22:00:00;3.243
29/11/2011 22:15:00;0
29/11/2011 22:30:00;0
29/11/2011 22:45:00;0
29/11/2011 23:00:00;0
29/11/2011 23:15:00;0
29/11/2011 23:30:00;0
29/11/2011 23:45:00;0
30/11/2011 00:00:00;0
30/11/2011 00:15:00;0
30/11/2011 00:30:00;0
30/11/2011 00:45:00;0
30/11/2011 01:00:00;0
30/11/2011 01:15:00;0
30/11/2011 01:30:00;0
30/11/2011 01:45:00;0
30/11/2011 02:00:00;0
30/11/2011 02:15:00;0
30/11/2011 02:30:00;0
30/11/2011 02:45:00;0
30/11/2011 03:00:00;0
30/11/2011 03:15:00;0
30/11/2011 03:30:00;0
30/11/2011 03:45:00;0
30/11/2011 04:00:00;0
30/11/2011 04:15:00;0
30/11/2011 04:30:00;0
30/11/2011 04:45:00;0
30/11/2011 05:00:00;0
30/11/2011 05:15:00;0
30/11/2011 05:30:00;0
30/11/2011 05:45:00;0
30/11/2011 06:00:00;0
30/11/2011 06:15:00;0
30/11/2011 06:30:00;0
30/11/2011 06:45:00;0
30/11/2011 07:00:00;0
30/11/2011 07:15:00;0
30/11/2011 07:30:00;0
30/11/2011 07:45:00;0
30/11/2011 08:00:00;0
30/11/2011 08:15:00;0
30/11/2011 08:30:00;0
30/11/2011 08:45:00;0
30/11/2011 09:00:00;0
30/11/2011 09:15:00;0
30/11/2011 09:30:00;0
30/11/2011 09:45:00;0
30/11/2011 10:00:00;0
30/11/2011 10:15:00;0
30/11/2011 10:30:00;0
30/11/2011 10:45:00;0
30/11/2011 11:00:00;0
30/11/2011 11:15:00;0
30/11/2011 11:30:00;0
30/11/2011 11:45:00;0
30/11/2011 12:00:00;0
30/11/2011 12:15:00;0
30/11/2011 12:30:00;0
30/11/2011 12:45:00;0
30/11/2011 13:00:00;0
30/11/2011 13:15:00;0
30/11/2011 13:30:00;0
30/11/2011 13:45:00;0
30/11/2011 14:00:00;0
30/11/2011 14:15:00;0
30/11/2011 14:30:00;0
30/11/2011 14:45:00;0
30/11/2011 15:00:00;0
30/11/2011 15:15:00;0
30/11/2011 15:30:00;0
30/11/2011 15:45:00;0
30/11/2011 16:00:00;0
30/11/2011 16:15:00;0
30/11/2011 16:30:00;0
30/11/2011 16:45:00;0
30/11/2011 17:00:00;0
30/11/2011 17:15:00;0
30/11/2011 17:30:00;0
30/11/2011 17:45:00;0
30/11/2011 18:00:00;0
30/11/2011 18:15:00;0
30/11/2011 18:30:00;0
30/11/2011 18:45:00;6.652
30/11/2011 19:00:00;8.026
30/11/2011 19:15:00;8.095
30/11/2011 19:30:00;8.028
30/11/2011 19:45:00;8.008
30/11/2011 20:00:00;8.09
30/11/2011 20:15:00;8.027
30/11/2011 20:30:00;8.031
30/11/2011 20:45:00;5.826
30/11/2011 21:00:00;0
30/11/2011 21:15:00;0
30/11/2011 21:30:00;0
30/11/2011 21:45:00;0
30/11/2011 22:00:00;0
30/11/2011 22:15:00;0
30/11/2011 22:30:00;0
30/11/2011 22:45:00;0
30/11/2011 23:00:00;0
30/11/2011 23:15:00;0
30/11/2011 23:30:00;0.05
30/11/2011 23:45:00;0
01/12/2011 00:00:00;0
01/12/2011 00:15:00;0
01/12/2011 00:30:00;0
01/12/2011 00:45:00;0
01/12/2011 01:00:00;0
01/12/2011 01:15:00;0
01/12/2011 01:30:00;0
01/12/2011 01:45:00;0
01/12/2011 02:00:00;0
01/12/2011 02:15:00;0
01/12/2011 02:30:00;0
01/12/2011 02:45:00;0
01/12/2011 03:00:00;0
01/12/2011 03:15:00;0
01/12/2011 03:30:00;0
01/12/2011 03:45:00;0
01/12/2011 04:00:00;0
01/12/2011 04:15:00;0
01/12/2011 04:30:00;0
01/12/2011 04:45:00;0
01/12/2011 05:00:00;0
01/12/2011 05:15:00;0
01/12/2011 05:30:00;0
01/12/2011 05:45:00;0
01/12/2011 06:00:00;0
01/12/2011 06:15:00;0
01/12/2011 06:30:00;0
01/12/2011 06:45:00;0
01/12/2011 07:00:00;0
01/12/2011 07:15:00;0
01/12/2011 07:30:00;0
01/12/2011 07:45:00;0
01/12/2011 08:00:00;0
01/12/2011 08:15:00;0
01/12/2011 08:30:00;0
01/12/2011 08:45:00;0
01/12/2011 09:00:00;0
01/12/2011 09:15:00;0
01/12/2011 09:30:00;0
01/12/2011 09:45:00;0
01/12/2011 10:00:00;0
01/12/2011 10:15:00;0
01/12/2011 10:30:00;0
01/12/2011 10:45:00;0
01/12/2011 11:00:00;0
01/12/2011 11:15:00;0
01/12/2011 11:30:00;0
01/12/2011 11:45:00;0
01/12/2011 12:00:00;0
01/12/2011 12:15:00;0
01/12/2011 12:30:00;0
01/12/2011 12:45:00;0
01/12/2011 13:00:00;0
01/12/2011 13:15:00;0
01/12/2011 13:30:00;0
01/12/2011 13:45:00;0
01/12/2011 14:00:00;0
01/12/2011 14:15:00;0
01/12/2011 14:30:00;0
01/12/2011 14:45:00;0
01/12/2011 15:00:00;0
01/12/2011 15:15:00;0
01/12/2011 15:30:00;0
01/12/2011 15:45:00;0
01/12/2011 16:00:00;0
01/12/2011 16:15:00;0
01/12/2011 16:30:00;0
01/12/2011 16:45:00;0
01/12/2011 17:00:00;0
01/12/2011 17:15:00;0
01/12/2011 17:30:00;0
01/12/2011 17:45:00;0
01/12/2011 18:00:00;0
01/12/2011 18:15:00;0
01/12/2011 18:30:00;0
01/12/2011 18:45:00;0
01/12/2011 19:00:00;0
01/12/2011 19:15:00;0
01/12/2011 19:30:00;0
01/12/2011 19:45:00;0
01/12/2011 20:00:00;0
01/12/2011 20:15:00;0
01/12/2011 20:30:00;2.819
01/12/2011 20:45:00;7.67
01/12/2011 21:00:00;7.746
01/12/2011 21:15:00;7.725
01/12/2011 21:30:00;7.581
01/12/2011 21:45:00;7.86
01/12/2011 22:00:00;4.929
01/12/2011 22:15:00;0
01/12/2011 22:30:00;0
01/12/2011 22:45:00;0
01/12/2011 23:00:00;0
01/12/2011 23:15:00;0
01/12/2011 23:30:00;0
01/12/2011 23:45:00;0
02/12/2011 00:00:00;0
02/12/2011 00:15:00;0
02/12/2011 00:30:00;0
02/12/2011 00:45:00;0
02/12/2011 01:00:00;0
02/12/2011 01:15:00;0
02/12/2011 01:30:00;0
02/12/2011 01:45:00;0
02/12/2011 02:00:00;0
02/12/2011 02:15:00;0
02/12/2011 02:30:00;0
02/12/2011 02:45:00;0
02/12/2011 03:00:00;0
02/12/2011 03:15:00;0
02/12/2011 03:30:00;0
02/12/2011 03:45:00;0
02/12/2011 04:00:00;0
02/12/2011 04:15:00;0
02/12/2011 04:30:00;0
02/12/2011 04:45:00;0
02/12/2011 05:00:00;0
02/12/2011 05:15:00;0
02/12/2011 05:30:00;0
02/12/2011 05:45:00;0
02/12/2011 06:00:00;0
02/12/2011 06:15:00;0
02/12/2011 06:30:00;0
02/12/2011 06:45:00;0
02/12/2011 07:00:00;0
02/12/2011 07:15:00;0
02/12/2011 07:30:00;0
02/12/2011 07:45:00;0
02/12/2011 08:00:00;0
02/12/2011 08:15:00;0
02/12/2011 08:30:00;0
02/12/2011 08:45:00;0
02/12/2011 09:00:00;0
02/12/2011 09:15:00;0
02/12/2011 09:30:00;0
02/12/2011 09:45:00;0
02/12/2011 10:00:00;0
02/12/2011 10:15:00;0
02/12/2011 10:30:00;0
02/12/2011 10:45:00;0
02/12/2011 11:00:00;0
02/12/2011 11:15:00;0
02/12/2011 11:30:00;0
02/12/2011 11:45:00;0
02/12/2011 12:00:00;0
02/12/2011 12:15:00;0
02/12/2011 12:30:00;0
02/12/2011 12:45:00;0
02/12/2011 13:00:00;0
02/12/2011 13:15:00;0
02/12/2011 13:30:00;0
02/12/2011 13:45:00;0
02/12/2011 14:00:00;0
02/12/2011 14:15:00;0
02/12/2011 14:30:00;0
02/12/2011 14:45:00;0
02/12/2011 15:00:00;0
02/12/2011 15:15:00;0
02/12/2011 15:30:00;0
02/12/2011 15:45:00;0
02/12/2011 16:00:00;0
02/12/2011 16:15:00;0
02/12/2011 16:30:00;0
02/12/2011 16:45:00;0
02/12/2011 17:00:00;0
02/12/2011 17:15:00;0
02/12/2011 17:30:00;0
02/12/2011 17:45:00;0
02/12/2011 18:00:00;0
02/12/2011 18:15:00;0
02/12/2011 18:30:00;0
02/12/2011 18:45:00;0
02/12/2011 19:00:00;0
02/12/2011 19:15:00;0
02/12/2011 19:30:00;0
02/12/2011 19:45:00;0
02/12/2011 20:00:00;0
02/12/2011 20:15:00;0
02/12/2011 20:30:00;0
02/12/2011 20:45:00;0
02/12/2011 21:00:00;0
02/12/2011 21:15:00;0
02/12/2011 21:30:00;0
02/12/2011 21:45:00;0.043
02/12/2011 22:00:00;0
02/12/2011 22:15:00;0
02/12/2011 22:30:00;0
02/12/2011 22:45:00;0
02/12/2011 23:00:00;0
02/12/2011 23:15:00;0
02/12/2011 23:30:00;0
02/12/2011 23:45:00;0
03/12/2011 00:00:00;0
03/12/2011 00:15:00;0
03/12/2011 00:30:00;0
03/12/2011 00:45:00;0
03/12/2011 01:00:00;0
03/12/2011 01:15:00;0
03/12/2011 01:30:00;0
03/12/2011 01:45:00;0
03/12/2011 02:00:00;0
03/12/2011 02:15:00;0
03/12/2011 02:30:00;0
03/12/2011 02:45:00;0
03/12/2011 03:00:00;0
03/12/2011 03:15:00;0
03/12/2011 03:30:00;0
03/12/2011 03:45:00;0
03/12/2011 04:00:00;0
03/12/2011 04:15:00;0
03/12/2011 04:30:00;0
03/12/2011 04:45:00;0
03/12/2011 05:00:00;0
03/12/2011 05:15:00;0
03/12/2011 05:30:00;0
03/12/2011 05:45:00;0
03/12/2011 06:00:00;0
03/12/2011 06:15:00;0
03/12/2011 06:30:00;0
03/12/2011 06:45:00;0
03/12/2011 07:00:00;0
03/12/2011 07:15:00;0
03/12/2011 07:30:00;0
03/12/2011 07:45:00;0
03/12/2011 08:00:00;0
03/12/2011 08:15:00;0
03/12/2011 08:30:00;0
03/12/2011 08:45:00;0
03/12/2011 09:00:00;0
03/12/2011 09:15:00;0
03/12/2011 09:30:00;0
03/12/2011 09:45:00;0
03/12/2011 10:00:00;0
03/12/2011 10:15:00;0
03/12/2011 10:30:00;0
03/12/2011 10:45:00;0
03/12/2011 11:00:00;0
03/12/2011 11:15:00;0
03/12/2011 11:30:00;0
03/12/2011 11:45:00;0
03/12/2011 12:00:00;0
03/12/2011 12:15:00;0
03/12/2011 12:30:00;0
03/12/2011 12:45:00;0
03/12/2011 13:00:00;0
03/12/2011 13:15:00;0
03/12/2011 13:30:00;0
03/12/2011 13:45:00;0
03/12/2011 14:00:00;0
03/12/2011 14:15:00;0
03/12/2011 14:30:00;0
03/12/2011 14:45:00;0
03/12/2011 15:00:00;0
03/12/2011 15:15:00;0
03/12/2011 15:30:00;0
03/12/2011 15:45:00;0
03/12/2011 16:00:00;0
03/12/2011 16:15:00;0
03/12/2011 16:30:00;0
03/12/2011 16:45:00;0
03/12/2011 17:00:00;0
03/12/2011 17:15:00;0
03/12/2011 17:30:00;0
03/12/2011 17:45:00;0
03/12/2011 18:00:00;0
03/12/2011 18:15:00;0
03/12/2011 18:30:00;0
03/12/2011 18:45:00;0
03/12/2011 19:00:00;0
03/12/2011 19:15:00;0
03/12/2011 19:30:00;0
03/12/2011 19:45:00;0
03/12/2011 20:00:00;0
03/12/2011 20:15:00;0
03/12/2011 20:30:00;0
03/12/2011 20:45:00;0
03/12/2011 21:00:00;0
03/12/2011 21:15:00;0
03/12/2011 21:30:00;0
03/12/2011 21:45:00;0
03/12/2011 22:00:00;0
03/12/2011 22:15:00;0
03/12/2011 22:30:00;0
03/12/2011 22:45:00;0
03/12/2011 23:00:00;0
03/12/2011 23:15:00;0
03/12/2011 23:30:00;0
03/12/2011 23:45:00;0
04/12/2011 00:00:00;0
04/12/2011 00:15:00;0
04/12/2011 00:30:00;0
04/12/2011 00:45:00;0
04/12/2011 01:00:00;0
04/12/2011 01:15:00;0
04/12/2011 01:30:00;0
04/12/2011 01:45:00;0
04/12/2011 02:00:00;0
04/12/2011 02:15:00;0
04/12/2011 02:30:00;0
04/12/2011 02:45:00;0
04/12/2011 03:00:00;0
04/12/2011 03:15:00;0
04/12/2011 03:30:00;0
04/12/2011 03:45:00;0
04/12/2011 04:00:00;0
04/12/2011 04:15:00;0
04/12/2011 04:30:00;0
04/12/2011 04:45:00;0
04/12/2011 05:00:00;0
04/12/2011 05:15:00;0
04/12/2011 05:30:00;0
04/12/2011 05:45:00;0
04/12/2011 06:00:00;0
04/12/2011 06:15:00;0
04/12/2011 06:30:00;0
04/12/2011 06:45:00;0
04/12/2011 07:00:00;0
04/12/2011 07:15:00;0
04/12/2011 07:30:00;0
04/12/2011 07:45:00;0
04/12/2011 08:00:00;0
04/12/2011 08:15:00;0
04/12/2011 08:30:00;0
04/12/2011 08:45:00;0
04/12/2011 09:00:00;0
04/12/2011 09:15:00;0
04/12/2011 09:30:00;0
04/12/2011 09:45:00;0
04/12/2011 10:00:00;0
04/12/2011 10:15:00;0
04/12/2011 10:30:00;0
04/12/2011 10:45:00;0
04/12/2011 11:00:00;0
04/12/2011 11:15:00;0
04/12/2011 11:30:00;0
04/12/2011 11:45:00;0
04/12/2011 12:00:00;0
04/12/2011 12:15:00;0
04/12/2011 12:30:00;0
04/12/2011 12:45:00;0
04/12/2011 13:00:00;0
04/12/2011 13:15:00;0
04/12/2011 13:30:00;0
04/12/2011 13:45:00;0
04/12/2011 14:00:00;0
04/12/2011 14:15:00;0
04/12/2011 14:30:00;0
04/12/2011 14:45:00;0
04/12/2011 15:00:00;0
04/12/2011 15:15:00;0
04/12/2011 15:30:00;0
04/12/2011 15:45:00;0
04/12/2011 16:00:00;0
04/12/2011 16:15:00;0
04/12/2011 16:30:00;0
04/12/2011 16:45:00;0
04/12/2011 17:00:00;0
04/12/2011 17:15:00;0
04/12/2011 17:30:00;0
04/12/2011 17:45:00;0
04/12/2011 18:00:00;0
04/12/2011 18:15:00;0
04/12/2011 18:30:00;0
04/12/2011 18:45:00;0
04/12/2011 19:00:00;0
04/12/2011 19:15:00;0
04/12/2011 19:30:00;0
04/12/2011 19:45:00;0
04/12/2011 20:00:00;0
04/12/2011 20:15:00;0
04/12/2011 20:30:00;0
04/12/2011 20:45:00;0
04/12/2011 21:00:00;0
04/12/2011 21:15:00;0
04/12/2011 21:30:00;0
04/12/2011 21:45:00;0
04/12/2011 22:00:00;0
04/12/2011 22:15:00;0
04/12/2011 22:30:00;0
04/12/2011 22:45:00;0
04/12/2011 23:00:00;0
04/12/2011 23:15:00;0
04/12/2011 23:30:00;0.047
04/12/2011 23:45:00;0
05/12/2011 00:00:00;0
05/12/2011 00:15:00;0
05/12/2011 00:30:00;0
05/12/2011 00:45:00;0
05/12/2011 01:00:00;0
05/12/2011 01:15:00;0
05/12/2011 01:30:00;0
05/12/2011 01:45:00;0
05/12/2011 02:00:00;0
05/12/2011 02:15:00;0
05/12/2011 02:30:00;0
05/12/2011 02:45:00;0
05/12/2011 03:00:00;0
05/12/2011 03:15:00;0
05/12/2011 03:30:00;0
05/12/2011 03:45:00;0
05/12/2011 04:00:00;0
05/12/2011 04:15:00;0
05/12/2011 04:30:00;0
05/12/2011 04:45:00;0
05/12/2011 05:00:00;0
05/12/2011 05:15:00;0
05/12/2011 05:30:00;0
05/12/2011 05:45:00;0
05/12/2011 06:00:00;0
05/12/2011 06:15:00;0
05/12/2011 06:30:00;0
05/12/2011 06:45:00;0
05/12/2011 07:00:00;0
05/12/2011 07:15:00;0
05/12/2011 07:30:00;0
05/12/2011 07:45:00;0
05/12/2011 08:00:00;0
05/12/2011 08:15:00;0
05/12/2011 08:30:00;0
05/12/2011 08:45:00;0
05/12/2011 09:00:00;0
05/12/2011 09:15:00;0
05/12/2011 09:30:00;0
05/12/2011 09:45:00;0
05/12/2011 10:00:00;0
05/12/2011 10:15:00;0
05/12/2011 10:30:00;0
05/12/2011 10:45:00;0
05/12/2011 11:00:00;0
05/12/2011 11:15:00;0
05/12/2011 11:30:00;0
05/12/2011 11:45:00;0
05/12/2011 12:00:00;0
05/12/2011 12:15:00;0
05/12/2011 12:30:00;0
05/12/2011 12:45:00;0
05/12/2011 13:00:00;0
05/12/2011 13:15:00;0
05/12/2011 13:30:00;0
05/12/2011 13:45:00;0
05/12/2011 14:00:00;0
05/12/2011 14:15:00;0
05/12/2011 14:30:00;0
05/12/2011 14:45:00;0
05/12/2011 15:00:00;0
05/12/2011 15:15:00;0
05/12/2011 15:30:00;0
05/12/2011 15:45:00;0
05/12/2011 16:00:00;0
05/12/2011 16:15:00;0
05/12/2011 16:30:00;0
05/12/2011 16:45:00;0
05/12/2011 17:00:00;0
05/12/2011 17:15:00;0
05/12/2011 17:30:00;0
05/12/2011 17:45:00;5.094
05/12/2011 18:00:00;15.906
05/12/2011 18:15:00;15.605
05/12/2011 18:30:00;15.501
05/12/2011 18:45:00;15.804
05/12/2011 19:00:00;15.874
05/12/2011 19:15:00;16.139
05/12/2011 19:30:00;9.829
05/12/2011 19:45:00;7.966
05/12/2011 20:00:00;8.104
05/12/2011 20:15:00;7.86
05/12/2011 20:30:00;7.876
05/12/2011 20:45:00;8.018
05/12/2011 21:00:00;7.991
05/12/2011 21:15:00;8.033
05/12/2011 21:30:00;8.047
05/12/2011 21:45:00;5.503
05/12/2011 22:00:00;2.789
05/12/2011 22:15:00;0
05/12/2011 22:30:00;0
05/12/2011 22:45:00;0
05/12/2011 23:00:00;0
05/12/2011 23:15:00;0
05/12/2011 23:30:00;0
05/12/2011 23:45:00;0
06/12/2011 00:00:00;0
06/12/2011 00:15:00;0
06/12/2011 00:30:00;0
06/12/2011 00:45:00;0
06/12/2011 01:00:00;0
06/12/2011 01:15:00;0
06/12/2011 01:30:00;0
06/12/2011 01:45:00;0
06/12/2011 02:00:00;0
06/12/2011 02:15:00;0
06/12/2011 02:30:00;0
06/12/2011 02:45:00;0
06/12/2011 03:00:00;0
06/12/2011 03:15:00;0
06/12/2011 03:30:00;0
06/12/2011 03:45:00;0
06/12/2011 04:00:00;0
06/12/2011 04:15:00;0
06/12/2011 04:30:00;0
06/12/2011 04:45:00;0
06/12/2011 05:00:00;0
06/12/2011 05:15:00;0
06/12/2011 05:30:00;0
06/12/2011 05:45:00;0
06/12/2011 06:00:00;0
06/12/2011 06:15:00;0
06/12/2011 06:30:00;0
06/12/2011 06:45:00;0
06/12/2011 07:00:00;0
06/12/2011 07:15:00;0
06/12/2011 07:30:00;0
06/12/2011 07:45:00;0
06/12/2011 08:00:00;0
06/12/2011 08:15:00;0
06/12/2011 08:30:00;0
06/12/2011 08:45:00;0
06/12/2011 09:00:00;0
06/12/2011 09:15:00;0
06/12/2011 09:30:00;0
06/12/2011 09:45:00;0
06/12/2011 10:00:00;0
06/12/2011 10:15:00;0
06/12/2011 10:30:00;0
06/12/2011 10:45:00;0
06/12/2011 11:00:00;0
06/12/2011 11:15:00;0
06/12/2011 11:30:00;0
06/12/2011 11:45:00;0
06/12/2011 12:00:00;0
06/12/2011 12:15:00;0
06/12/2011 12:30:00;0
06/12/2011 12:45:00;0
06/12/2011 13:00:00;0
06/12/2011 13:15:00;0
06/12/2011 13:30:00;0
06/12/2011 13:45:00;0
06/12/2011 14:00:00;0
06/12/2011 14:15:00;0
06/12/2011 14:30:00;0
06/12/2011 14:45:00;0
06/12/2011 15:00:00;0
06/12/2011 15:15:00;0
06/12/2011 15:30:00;0
06/12/2011 15:45:00;0
06/12/2011 16:00:00;0
06/12/2011 16:15:00;0
06/12/2011 16:30:00;0
06/12/2011 16:45:00;0
06/12/2011 17:00:00;0
06/12/2011 17:15:00;0
06/12/2011 17:30:00;0
06/12/2011 17:45:00;0
06/12/2011 18:00:00;0
06/12/2011 18:15:00;0
06/12/2011 18:30:00;0
06/12/2011 18:45:00;0
06/12/2011 19:00:00;0
06/12/2011 19:15:00;0
06/12/2011 19:30:00;0
06/12/2011 19:45:00;0
06/12/2011 20:00:00;0
06/12/2011 20:15:00;0
06/12/2011 20:30:00;0
06/12/2011 20:45:00;0
06/12/2011 21:00:00;0
06/12/2011 21:15:00;0
06/12/2011 21:30:00;0
06/12/2011 21:45:00;0
06/12/2011 22:00:00;0
06/12/2011 22:15:00;0
06/12/2011 22:30:00;0
06/12/2011 22:45:00;0
06/12/2011 23:00:00;0
06/12/2011 23:15:00;0
06/12/2011 23:30:00;0
06/12/2011 23:45:00;0
07/12/2011 00:00:00;0
07/12/2011 00:15:00;0
07/12/2011 00:30:00;0
07/12/2011 00:45:00;0
07/12/2011 01:00:00;0
07/12/2011 01:15:00;0
07/12/2011 01:30:00;0
07/12/2011 01:45:00;0
07/12/2011 02:00:00;0
07/12/2011 02:15:00;0
07/12/2011 02:30:00;0
07/12/2011 02:45:00;0
07/12/2011 03:00:00;0
07/12/2011 03:15:00;0.047
07/12/2011 03:30:00;0
07/12/2011 03:45:00;0
07/12/2011 04:00:00;0
07/12/2011 04:15:00;0
07/12/2011 04:30:00;0
07/12/2011 04:45:00;0
07/12/2011 05:00:00;0
07/12/2011 05:15:00;0
07/12/2011 05:30:00;0
07/12/2011 05:45:00;0
07/12/2011 06:00:00;0
07/12/2011 06:15:00;0
07/12/2011 06:30:00;0
07/12/2011 06:45:00;0
07/12/2011 07:00:00;0
07/12/2011 07:15:00;0
07/12/2011 07:30:00;0
07/12/2011 07:45:00;0
07/12/2011 08:00:00;0
07/12/2011 08:15:00;0
07/12/2011 08:30:00;0
07/12/2011 08:45:00;0
07/12/2011 09:00:00;0
07/12/2011 09:15:00;0
07/12/2011 09:30:00;0
07/12/2011 09:45:00;0
07/12/2011 10:00:00;0
07/12/2011 10:15:00;0
07/12/2011 10:30:00;0
07/12/2011 10:45:00;0
07/12/2011 11:00:00;0
07/12/2011 11:15:00;0
07/12/2011 11:30:00;0
07/12/2011 11:45:00;0
07/12/2011 12:00:00;0
07/12/2011 12:15:00;0
07/12/2011 12:30:00;0
07/12/2011 12:45:00;0
07/12/2011 13:00:00;0
07/12/2011 13:15:00;0
07/12/2011 13:30:00;0
07/12/2011 13:45:00;0
07/12/2011 14:00:00;0
07/12/2011 14:15:00;0
07/12/2011 14:30:00;0
07/12/2011 14:45:00;0
07/12/2011 15:00:00;0
07/12/2011 15:15:00;0
07/12/2011 15:30:00;0
07/12/2011 15:45:00;0
07/12/2011 16:00:00;0
07/12/2011 16:15:00;0
07/12/2011 16:30:00;0
07/12/2011 16:45:00;0
07/12/2011 17:00:00;0
07/12/2011 17:15:00;0
07/12/2011 17:30:00;0
07/12/2011 17:45:00;0
07/12/2011 18:00:00;0
07/12/2011 18:15:00;0
07/12/2011 18:30:00;0
07/12/2011 18:45:00;3.823
07/12/2011 19:00:00;8.09
07/12/2011 19:15:00;8.07
07/12/2011 19:30:00;8.107
07/12/2011 19:45:00;7.972
07/12/2011 20:00:00;8.057
07/12/2011 20:15:00;8.144
07/12/2011 20:30:00;2.287
07/12/2011 20:45:00;0
07/12/2011 21:00:00;0
07/12/2011 21:15:00;0
07/12/2011 21:30:00;0
07/12/2011 21:45:00;0
07/12/2011 22:00:00;0
07/12/2011 22:15:00;0
07/12/2011 22:30:00;0
07/12/2011 22:45:00;0
07/12/2011 23:00:00;0
07/12/2011 23:15:00;0
07/12/2011 23:30:00;0
07/12/2011 23:45:00;0
08/12/2011 00:00:00;0
08/12/2011 00:15:00;0
08/12/2011 00:30:00;0
08/12/2011 00:45:00;0
08/12/2011 01:00:00;0
08/12/2011 01:15:00;0
08/12/2011 01:30:00;0
08/12/2011 01:45:00;0
08/12/2011 02:00:00;0
08/12/2011 02:15:00;0
08/12/2011 02:30:00;0
08/12/2011 02:45:00;0
08/12/2011 03:00:00;0
08/12/2011 03:15:00;0
08/12/2011 03:30:00;0
08/12/2011 03:45:00;0
08/12/2011 04:00:00;0
08/12/2011 04:15:00;0
08/12/2011 04:30:00;0
08/12/2011 04:45:00;0
08/12/2011 05:00:00;0
08/12/2011 05:15:00;0
08/12/2011 05:30:00;0
08/12/2011 05:45:00;0
08/12/2011 06:00:00;0
08/12/2011 06:15:00;0
08/12/2011 06:30:00;0
08/12/2011 06:45:00;0
08/12/2011 07:00:00;0
08/12/2011 07:15:00;0
08/12/2011 07:30:00;0.005
08/12/2011 07:45:00;0.038
08/12/2011 08:00:00;0.091
08/12/2011 08:15:00;0.093
08/12/2011 08:30:00;0.082
08/12/2011 08:45:00;0.049
08/12/2011 09:00:00;0.089
08/12/2011 09:15:00;0.06
08/12/2011 09:30:00;0.045
08/12/2011 09:45:00;0.051
08/12/2011 10:00:00;0.111
08/12/2011 10:15:00;0.065
08/12/2011 10:30:00;0.09
08/12/2011 10:45:00;0.107
08/12/2011 11:00:00;0.134
08/12/2011 11:15:00;0.111
08/12/2011 11:30:00;0.094
08/12/2011 11:45:00;0.121
08/12/2011 12:00:00;0.133
08/12/2011 12:15:00;0.09
08/12/2011 12:30:00;0.121
08/12/2011 12:45:00;0.143
08/12/2011 13:00:00;0.09
08/12/2011 13:15:00;0.126
08/12/2011 13:30:00;0.153
08/12/2011 13:45:00;0.09
08/12/2011 14:00:00;0.115
08/12/2011 14:15:00;0.159
08/12/2011 14:30:00;0.1
08/12/2011 14:45:00;0.09
08/12/2011 15:00:00;0.161
08/12/2011 15:15:00;0.136
08/12/2011 15:30:00;0.092
08/12/2011 15:45:00;0.139
08/12/2011 16:00:00;0.135
08/12/2011 16:15:00;0.138
08/12/2011 16:30:00;0.162
08/12/2011 16:45:00;0.113
08/12/2011 17:00:00;0.09
08/12/2011 17:15:00;0.151
08/12/2011 17:30:00;6.879
08/12/2011 17:45:00;7.73
08/12/2011 18:00:00;7.931
08/12/2011 18:15:00;7.994
08/12/2011 18:30:00;8.063
08/12/2011 18:45:00;8.007
08/12/2011 19:00:00;7.946
08/12/2011 19:15:00;6.923
08/12/2011 19:30:00;0
08/12/2011 19:45:00;0
08/12/2011 20:00:00;0
08/12/2011 20:15:00;0
08/12/2011 20:30:00;0
08/12/2011 20:45:00;0
08/12/2011 21:00:00;0
08/12/2011 21:15:00;0
08/12/2011 21:30:00;0
08/12/2011 21:45:00;0
08/12/2011 22:00:00;0
08/12/2011 22:15:00;0
08/12/2011 22:30:00;0
08/12/2011 22:45:00;0
08/12/2011 23:00:00;0
08/12/2011 23:15:00;0
08/12/2011 23:30:00;0
08/12/2011 23:45:00;0
09/12/2011 00:00:00;0
09/12/2011 00:15:00;0
09/12/2011 00:30:00;0
09/12/2011 00:45:00;0
09/12/2011 01:00:00;0
09/12/2011 01:15:00;0
09/12/2011 01:30:00;0
09/12/2011 01:45:00;0
09/12/2011 02:00:00;0
09/12/2011 02:15:00;0
09/12/2011 02:30:00;0
09/12/2011 02:45:00;0
09/12/2011 03:00:00;0
09/12/2011 03:15:00;0
09/12/2011 03:30:00;0
09/12/2011 03:45:00;0
09/12/2011 04:00:00;0
09/12/2011 04:15:00;0
09/12/2011 04:30:00;0
09/12/2011 04:45:00;0
09/12/2011 05:00:00;0
09/12/2011 05:15:00;0
09/12/2011 05:30:00;0
09/12/2011 05:45:00;0
09/12/2011 06:00:00;0
09/12/2011 06:15:00;0
09/12/2011 06:30:00;0
09/12/2011 06:45:00;0
09/12/2011 07:00:00;0
09/12/2011 07:15:00;0
09/12/2011 07:30:00;0.051
09/12/2011 07:45:00;0
09/12/2011 08:00:00;0
09/12/2011 08:15:00;0
09/12/2011 08:30:00;0
09/12/2011 08:45:00;0
09/12/2011 09:00:00;0
09/12/2011 09:15:00;0
09/12/2011 09:30:00;0
09/12/2011 09:45:00;0
09/12/2011 10:00:00;0
09/12/2011 10:15:00;0
09/12/2011 10:30:00;0
09/12/2011 10:45:00;0
09/12/2011 11:00:00;0
09/12/2011 11:15:00;0
09/12/2011 11:30:00;0
09/12/2011 11:45:00;0
09/12/2011 12:00:00;0
09/12/2011 12:15:00;0
09/12/2011 12:30:00;0
09/12/2011 12:45:00;0
09/12/2011 13:00:00;0
09/12/2011 13:15:00;0
09/12/2011 13:30:00;0
09/12/2011 13:45:00;0
09/12/2011 14:00:00;0
09/12/2011 14:15:00;0
09/12/2011 14:30:00;0
09/12/2011 14:45:00;0
09/12/2011 15:00:00;0
09/12/2011 15:15:00;0
09/12/2011 15:30:00;0
09/12/2011 15:45:00;0
09/12/2011 16:00:00;0
09/12/2011 16:15:00;0
09/12/2011 16:30:00;0
09/12/2011 16:45:00;0
09/12/2011 17:00:00;0
09/12/2011 17:15:00;0
09/12/2011 17:30:00;0
09/12/2011 17:45:00;0
09/12/2011 18:00:00;0
09/12/2011 18:15:00;0
09/12/2011 18:30:00;0
09/12/2011 18:45:00;0
09/12/2011 19:00:00;0
09/12/2011 19:15:00;0
09/12/2011 19:30:00;0
09/12/2011 19:45:00;0
09/12/2011 20:00:00;0
09/12/2011 20:15:00;0
09/12/2011 20:30:00;0
09/12/2011 20:45:00;0
09/12/2011 21:00:00;0
09/12/2011 21:15:00;0
09/12/2011 21:30:00;0
09/12/2011 21:45:00;0
09/12/2011 22:00:00;0
09/12/2011 22:15:00;0
09/12/2011 22:30:00;0
09/12/2011 22:45:00;0
09/12/2011 23:00:00;0
09/12/2011 23:15:00;0
09/12/2011 23:30:00;0
09/12/2011 23:45:00;0
10/12/2011 00:00:00;0
10/12/2011 00:15:00;0
10/12/2011 00:30:00;0
10/12/2011 00:45:00;0
10/12/2011 01:00:00;0
10/12/2011 01:15:00;0
10/12/2011 01:30:00;0
10/12/2011 01:45:00;0
10/12/2011 02:00:00;0
10/12/2011 02:15:00;0
10/12/2011 02:30:00;0
10/12/2011 02:45:00;0
10/12/2011 03:00:00;0
10/12/2011 03:15:00;0
10/12/2011 03:30:00;0
10/12/2011 03:45:00;0
10/12/2011 04:00:00;0
10/12/2011 04:15:00;0
10/12/2011 04:30:00;0
10/12/2011 04:45:00;0
10/12/2011 05:00:00;0
10/12/2011 05:15:00;0
10/12/2011 05:30:00;0
10/12/2011 05:45:00;0
10/12/2011 06:00:00;0
10/12/2011 06:15:00;0
10/12/2011 06:30:00;0
10/12/2011 06:45:00;0
10/12/2011 07:00:00;0
10/12/2011 07:15:00;0
10/12/2011 07:30:00;0
10/12/2011 07:45:00;0
10/12/2011 08:00:00;0
10/12/2011 08:15:00;0
10/12/2011 08:30:00;0
10/12/2011 08:45:00;0
10/12/2011 09:00:00;0
10/12/2011 09:15:00;0
10/12/2011 09:30:00;0
10/12/2011 09:45:00;0
10/12/2011 10:00:00;0
10/12/2011 10:15:00;0
10/12/2011 10:30:00;0
10/12/2011 10:45:00;0
10/12/2011 11:00:00;0
10/12/2011 11:15:00;0
10/12/2011 11:30:00;0
10/12/2011 11:45:00;0
10/12/2011 12:00:00;0
10/12/2011 12:15:00;0
10/12/2011 12:30:00;0
10/12/2011 12:45:00;0
10/12/2011 13:00:00;0
10/12/2011 13:15:00;0
10/12/2011 13:30:00;0
10/12/2011 13:45:00;0
10/12/2011 14:00:00;0
10/12/2011 14:15:00;0
10/12/2011 14:30:00;0
10/12/2011 14:45:00;0
10/12/2011 15:00:00;0
10/12/2011 15:15:00;0
10/12/2011 15:30:00;0
10/12/2011 15:45:00;0
10/12/2011 16:00:00;0
10/12/2011 16:15:00;0
10/12/2011 16:30:00;0
10/12/2011 16:45:00;0
10/12/2011 17:00:00;0
10/12/2011 17:15:00;0
10/12/2011 17:30:00;0
10/12/2011 17:45:00;0
10/12/2011 18:00:00;0
10/12/2011 18:15:00;0
10/12/2011 18:30:00;0
10/12/2011 18:45:00;0
10/12/2011 19:00:00;0
10/12/2011 19:15:00;0
10/12/2011 19:30:00;0
10/12/2011 19:45:00;0
10/12/2011 20:00:00;0
10/12/2011 20:15:00;0
10/12/2011 20:30:00;0
10/12/2011 20:45:00;0
10/12/2011 21:00:00;0
10/12/2011 21:15:00;0
10/12/2011 21:30:00;0
10/12/2011 21:45:00;0
10/12/2011 22:00:00;0
10/12/2011 22:15:00;0
10/12/2011 22:30:00;0
10/12/2011 22:45:00;0
10/12/2011 23:00:00;0
10/12/2011 23:15:00;0
10/12/2011 23:30:00;0
10/12/2011 23:45:00;0
11/12/2011 00:00:00;0
11/12/2011 00:15:00;0
11/12/2011 00:30:00;0
11/12/2011 00:45:00;0
11/12/2011 01:00:00;0
11/12/2011 01:15:00;0
11/12/2011 01:30:00;0
11/12/2011 01:45:00;0
11/12/2011 02:00:00;0
11/12/2011 02:15:00;0
11/12/2011 02:30:00;0
11/12/2011 02:45:00;0
11/12/2011 03:00:00;0
11/12/2011 03:15:00;0
11/12/2011 03:30:00;0
11/12/2011 03:45:00;0
11/12/2011 04:00:00;0
11/12/2011 04:15:00;0
11/12/2011 04:30:00;0
11/12/2011 04:45:00;0
11/12/2011 05:00:00;0
11/12/2011 05:15:00;0
11/12/2011 05:30:00;0
11/12/2011 05:45:00;0
11/12/2011 06:00:00;0
11/12/2011 06:15:00;0
11/12/2011 06:30:00;0
11/12/2011 06:45:00;0
11/12/2011 07:00:00;0
11/12/2011 07:15:00;0
11/12/2011 07:30:00;0
11/12/2011 07:45:00;0
11/12/2011 08:00:00;0
11/12/2011 08:15:00;0
11/12/2011 08:30:00;0
11/12/2011 08:45:00;0
11/12/2011 09:00:00;0
11/12/2011 09:15:00;0
11/12/2011 09:30:00;0
11/12/2011 09:45:00;0
11/12/2011 10:00:00;0
11/12/2011 10:15:00;0
11/12/2011 10:30:00;0
11/12/2011 10:45:00;0
11/12/2011 11:00:00;0
11/12/2011 11:15:00;0
11/12/2011 11:30:00;0
11/12/2011 11:45:00;0
11/12/2011 12:00:00;0
11/12/2011 12:15:00;0
11/12/2011 12:30:00;0
11/12/2011 12:45:00;0
11/12/2011 13:00:00;0
11/12/2011 13:15:00;0
11/12/2011 13:30:00;0
11/12/2011 13:45:00;0
11/12/2011 14:00:00;0.043
11/12/2011 14:15:00;0.001
11/12/2011 14:30:00;0
11/12/2011 14:45:00;0
11/12/2011 15:00:00;0
11/12/2011 15:15:00;0
11/12/2011 15:30:00;0
11/12/2011 15:45:00;0
11/12/2011 16:00:00;0
11/12/2011 16:15:00;0
11/12/2011 16:30:00;0
11/12/2011 16:45:00;0
11/12/2011 17:00:00;0
11/12/2011 17:15:00;0
11/12/2011 17:30:00;0
11/12/2011 17:45:00;0
11/12/2011 18:00:00;0
11/12/2011 18:15:00;0
11/12/2011 18:30:00;0
11/12/2011 18:45:00;0
11/12/2011 19:00:00;0
11/12/2011 19:15:00;0
11/12/2011 19:30:00;0
11/12/2011 19:45:00;0
11/12/2011 20:00:00;0
11/12/2011 20:15:00;0
11/12/2011 20:30:00;0
11/12/2011 20:45:00;0
11/12/2011 21:00:00;0
11/12/2011 21:15:00;0
11/12/2011 21:30:00;0
11/12/2011 21:45:00;0
11/12/2011 22:00:00;0
11/12/2011 22:15:00;0
11/12/2011 22:30:00;0
11/12/2011 22:45:00;0
11/12/2011 23:00:00;0
11/12/2011 23:15:00;0
11/12/2011 23:30:00;0
11/12/2011 23:45:00;0
12/12/2011 00:00:00;0
12/12/2011 00:15:00;0
12/12/2011 00:30:00;0
12/12/2011 00:45:00;0
12/12/2011 01:00:00;0
12/12/2011 01:15:00;0
12/12/2011 01:30:00;0
12/12/2011 01:45:00;0
12/12/2011 02:00:00;0
12/12/2011 02:15:00;0
12/12/2011 02:30:00;0
12/12/2011 02:45:00;0
12/12/2011 03:00:00;0
12/12/2011 03:15:00;0
12/12/2011 03:30:00;0
12/12/2011 03:45:00;0
12/12/2011 04:00:00;0
12/12/2011 04:15:00;0
12/12/2011 04:30:00;0
12/12/2011 04:45:00;0
12/12/2011 05:00:00;0
12/12/2011 05:15:00;0
12/12/2011 05:30:00;0
12/12/2011 05:45:00;0
12/12/2011 06:00:00;0
12/12/2011 06:15:00;0
12/12/2011 06:30:00;0
12/12/2011 06:45:00;0
12/12/2011 07:00:00;0
12/12/2011 07:15:00;0
12/12/2011 07:30:00;0
12/12/2011 07:45:00;0
12/12/2011 08:00:00;0
12/12/2011 08:15:00;0
12/12/2011 08:30:00;0
12/12/2011 08:45:00;0.017
12/12/2011 09:00:00;0
12/12/2011 09:15:00;0
12/12/2011 09:30:00;0
12/12/2011 09:45:00;0
12/12/2011 10:00:00;0
12/12/2011 10:15:00;0
12/12/2011 10:30:00;0
12/12/2011 10:45:00;0
12/12/2011 11:00:00;0
12/12/2011 11:15:00;0
12/12/2011 11:30:00;0
12/12/2011 11:45:00;0
12/12/2011 12:00:00;0
12/12/2011 12:15:00;0
12/12/2011 12:30:00;0
12/12/2011 12:45:00;0
12/12/2011 13:00:00;0
12/12/2011 13:15:00;0
12/12/2011 13:30:00;0
12/12/2011 13:45:00;0
12/12/2011 14:00:00;0
12/12/2011 14:15:00;0
12/12/2011 14:30:00;0
12/12/2011 14:45:00;0
12/12/2011 15:00:00;0
12/12/2011 15:15:00;0
12/12/2011 15:30:00;0
12/12/2011 15:45:00;0
12/12/2011 16:00:00;0
12/12/2011 16:15:00;0
12/12/2011 16:30:00;0
12/12/2011 16:45:00;0
12/12/2011 17:00:00;0
12/12/2011 17:15:00;0
12/12/2011 17:30:00;0
12/12/2011 17:45:00;0
12/12/2011 18:00:00;7.933
12/12/2011 18:15:00;15.116
12/12/2011 18:30:00;15.45
12/12/2011 18:45:00;15.7
12/12/2011 19:00:00;15.426
12/12/2011 19:15:00;15.638
12/12/2011 19:30:00;15.741
12/12/2011 19:45:00;15.707
12/12/2011 20:00:00;15.466
12/12/2011 20:15:00;10.334
12/12/2011 20:30:00;7.917
12/12/2011 20:45:00;2.371
12/12/2011 21:00:00;0
12/12/2011 21:15:00;0
12/12/2011 21:30:00;0
12/12/2011 21:45:00;0
12/12/2011 22:00:00;0
12/12/2011 22:15:00;0
12/12/2011 22:30:00;0
12/12/2011 22:45:00;0
12/12/2011 23:00:00;0
12/12/2011 23:15:00;0
12/12/2011 23:30:00;0
12/12/2011 23:45:00;0
13/12/2011 00:00:00;0
13/12/2011 00:15:00;0
13/12/2011 00:30:00;0
13/12/2011 00:45:00;0
13/12/2011 01:00:00;0
13/12/2011 01:15:00;0
13/12/2011 01:30:00;0
13/12/2011 01:45:00;0
13/12/2011 02:00:00;0
13/12/2011 02:15:00;0
13/12/2011 02:30:00;0
13/12/2011 02:45:00;0
13/12/2011 03:00:00;0
13/12/2011 03:15:00;0
13/12/2011 03:30:00;0
13/12/2011 03:45:00;0
13/12/2011 04:00:00;0
13/12/2011 04:15:00;0
13/12/2011 04:30:00;0
13/12/2011 04:45:00;0
13/12/2011 05:00:00;0
13/12/2011 05:15:00;0
13/12/2011 05:30:00;0
13/12/2011 05:45:00;0
13/12/2011 06:00:00;0
13/12/2011 06:15:00;0
13/12/2011 06:30:00;0
13/12/2011 06:45:00;0
13/12/2011 07:00:00;0
13/12/2011 07:15:00;0
13/12/2011 07:30:00;0
13/12/2011 07:45:00;0
13/12/2011 08:00:00;0
13/12/2011 08:15:00;0
13/12/2011 08:30:00;0
13/12/2011 08:45:00;0
13/12/2011 09:00:00;0
13/12/2011 09:15:00;0
13/12/2011 09:30:00;0
13/12/2011 09:45:00;0
13/12/2011 10:00:00;0
13/12/2011 10:15:00;0
13/12/2011 10:30:00;0
13/12/2011 10:45:00;0
13/12/2011 11:00:00;0
13/12/2011 11:15:00;0
13/12/2011 11:30:00;0
13/12/2011 11:45:00;0
13/12/2011 12:00:00;0
13/12/2011 12:15:00;0
13/12/2011 12:30:00;0
13/12/2011 12:45:00;0
13/12/2011 13:00:00;0
13/12/2011 13:15:00;0
13/12/2011 13:30:00;0
13/12/2011 13:45:00;0
13/12/2011 14:00:00;0
13/12/2011 14:15:00;0
13/12/2011 14:30:00;0
13/12/2011 14:45:00;0
13/12/2011 15:00:00;0
13/12/2011 15:15:00;0
13/12/2011 15:30:00;0
13/12/2011 15:45:00;0
13/12/2011 16:00:00;0
13/12/2011 16:15:00;0
13/12/2011 16:30:00;0
13/12/2011 16:45:00;0
13/12/2011 17:00:00;0
13/12/2011 17:15:00;0
13/12/2011 17:30:00;0
13/12/2011 17:45:00;0
13/12/2011 18:00:00;0
13/12/2011 18:15:00;0
13/12/2011 18:30:00;0
13/12/2011 18:45:00;0
13/12/2011 19:00:00;0
13/12/2011 19:15:00;0
13/12/2011 19:30:00;0
13/12/2011 19:45:00;0.049
13/12/2011 20:00:00;5.386
13/12/2011 20:15:00;7.919
13/12/2011 20:30:00;7.906
13/12/2011 20:45:00;7.916
13/12/2011 21:00:00;7.887
13/12/2011 21:15:00;7.733
13/12/2011 21:30:00;8.075
13/12/2011 21:45:00;7.855
13/12/2011 22:00:00;2.667
13/12/2011 22:15:00;0
13/12/2011 22:30:00;0
13/12/2011 22:45:00;0
13/12/2011 23:00:00;0
13/12/2011 23:15:00;0
13/12/2011 23:30:00;0
13/12/2011 23:45:00;0
14/12/2011 00:00:00;0
14/12/2011 00:15:00;0
14/12/2011 00:30:00;0
14/12/2011 00:45:00;0
14/12/2011 01:00:00;0
14/12/2011 01:15:00;0
14/12/2011 01:30:00;0
14/12/2011 01:45:00;0
14/12/2011 02:00:00;0
14/12/2011 02:15:00;0
14/12/2011 02:30:00;0
14/12/2011 02:45:00;0
14/12/2011 03:00:00;0
14/12/2011 03:15:00;0
14/12/2011 03:30:00;0
14/12/2011 03:45:00;0
14/12/2011 04:00:00;0
14/12/2011 04:15:00;0
14/12/2011 04:30:00;0
14/12/2011 04:45:00;0
14/12/2011 05:00:00;0
14/12/2011 05:15:00;0
14/12/2011 05:30:00;0
14/12/2011 05:45:00;0
14/12/2011 06:00:00;0
14/12/2011 06:15:00;0
14/12/2011 06:30:00;0
14/12/2011 06:45:00;0
14/12/2011 07:00:00;0
14/12/2011 07:15:00;0
14/12/2011 07:30:00;0
14/12/2011 07:45:00;0
14/12/2011 08:00:00;0
14/12/2011 08:15:00;0
14/12/2011 08:30:00;0
14/12/2011 08:45:00;0
14/12/2011 09:00:00;0
14/12/2011 09:15:00;0
14/12/2011 09:30:00;0
14/12/2011 09:45:00;0
14/12/2011 10:00:00;0
14/12/2011 10:15:00;0
14/12/2011 10:30:00;0
14/12/2011 10:45:00;0
14/12/2011 11:00:00;0
14/12/2011 11:15:00;0
14/12/2011 11:30:00;0
14/12/2011 11:45:00;0
14/12/2011 12:00:00;0
14/12/2011 12:15:00;0
14/12/2011 12:30:00;0
14/12/2011 12:45:00;0
14/12/2011 13:00:00;0
14/12/2011 13:15:00;0
14/12/2011 13:30:00;0
14/12/2011 13:45:00;0
14/12/2011 14:00:00;0
14/12/2011 14:15:00;0
14/12/2011 14:30:00;0
14/12/2011 14:45:00;0
14/12/2011 15:00:00;0
14/12/2011 15:15:00;0
14/12/2011 15:30:00;0
14/12/2011 15:45:00;0
14/12/2011 16:00:00;0
14/12/2011 16:15:00;0
14/12/2011 16:30:00;0
14/12/2011 16:45:00;0
14/12/2011 17:00:00;0
14/12/2011 17:15:00;0
14/12/2011 17:30:00;0
14/12/2011 17:45:00;0
14/12/2011 18:00:00;0
14/12/2011 18:15:00;0
14/12/2011 18:30:00;0
14/12/2011 18:45:00;0
14/12/2011 19:00:00;0
14/12/2011 19:15:00;0
14/12/2011 19:30:00;0
14/12/2011 19:45:00;0
14/12/2011 20:00:00;0
14/12/2011 20:15:00;0
14/12/2011 20:30:00;0
14/12/2011 20:45:00;0
14/12/2011 21:00:00;0
14/12/2011 21:15:00;0
14/12/2011 21:30:00;0
14/12/2011 21:45:00;0
14/12/2011 22:00:00;0
14/12/2011 22:15:00;0
14/12/2011 22:30:00;0
14/12/2011 22:45:00;0
14/12/2011 23:00:00;0
14/12/2011 23:15:00;0
14/12/2011 23:30:00;0
14/12/2011 23:45:00;0
15/12/2011 00:00:00;0
15/12/2011 00:15:00;0
15/12/2011 00:30:00;0
15/12/2011 00:45:00;0
15/12/2011 01:00:00;0
15/12/2011 01:15:00;0
15/12/2011 01:30:00;0
15/12/2011 01:45:00;0
15/12/2011 02:00:00;0
15/12/2011 02:15:00;0
15/12/2011 02:30:00;0
15/12/2011 02:45:00;0
15/12/2011 03:00:00;0
15/12/2011 03:15:00;0
15/12/2011 03:30:00;0
15/12/2011 03:45:00;0
15/12/2011 04:00:00;0
15/12/2011 04:15:00;0
15/12/2011 04:30:00;0
15/12/2011 04:45:00;0
15/12/2011 05:00:00;0
15/12/2011 05:15:00;0
15/12/2011 05:30:00;0
15/12/2011 05:45:00;0
15/12/2011 06:00:00;0
15/12/2011 06:15:00;0
15/12/2011 06:30:00;0
15/12/2011 06:45:00;0
15/12/2011 07:00:00;0
15/12/2011 07:15:00;0
15/12/2011 07:30:00;0
15/12/2011 07:45:00;0
15/12/2011 08:00:00;0
15/12/2011 08:15:00;0
15/12/2011 08:30:00;0
15/12/2011 08:45:00;0
15/12/2011 09:00:00;0
15/12/2011 09:15:00;0
15/12/2011 09:30:00;0
15/12/2011 09:45:00;0
15/12/2011 10:00:00;0
15/12/2011 10:15:00;0
15/12/2011 10:30:00;0
15/12/2011 10:45:00;0
15/12/2011 11:00:00;0
15/12/2011 11:15:00;0
15/12/2011 11:30:00;0
15/12/2011 11:45:00;0
15/12/2011 12:00:00;0
15/12/2011 12:15:00;0
15/12/2011 12:30:00;0
15/12/2011 12:45:00;0
15/12/2011 13:00:00;0
15/12/2011 13:15:00;0
15/12/2011 13:30:00;0
15/12/2011 13:45:00;0
15/12/2011 14:00:00;0
15/12/2011 14:15:00;0
15/12/2011 14:30:00;0
15/12/2011 14:45:00;0
15/12/2011 15:00:00;0
15/12/2011 15:15:00;0
15/12/2011 15:30:00;0
15/12/2011 15:45:00;0
15/12/2011 16:00:00;0
15/12/2011 16:15:00;0
15/12/2011 16:30:00;0
15/12/2011 16:45:00;0
15/12/2011 17:00:00;0
15/12/2011 17:15:00;0
15/12/2011 17:30:00;0
15/12/2011 17:45:00;0
15/12/2011 18:00:00;0.304
15/12/2011 18:15:00;4.114
15/12/2011 18:30:00;4.156
15/12/2011 18:45:00;4.127
15/12/2011 19:00:00;5.109
15/12/2011 19:15:00;8.357
15/12/2011 19:30:00;8.31
15/12/2011 19:45:00;8.38
15/12/2011 20:00:00;8.342
15/12/2011 20:15:00;8.286
15/12/2011 20:30:00;8.379
15/12/2011 20:45:00;8.41
15/12/2011 21:00:00;8.36
15/12/2011 21:15:00;8.36
15/12/2011 21:30:00;8.461
15/12/2011 21:45:00;8.535
15/12/2011 22:00:00;7.688
15/12/2011 22:15:00;0
15/12/2011 22:30:00;0
15/12/2011 22:45:00;0
15/12/2011 23:00:00;0
15/12/2011 23:15:00;0
15/12/2011 23:30:00;0
15/12/2011 23:45:00;0
16/12/2011 00:00:00;0
16/12/2011 00:15:00;0
16/12/2011 00:30:00;0
16/12/2011 00:45:00;0
16/12/2011 01:00:00;0
16/12/2011 01:15:00;0
16/12/2011 01:30:00;0.043
16/12/2011 01:45:00;0
16/12/2011 02:00:00;0
16/12/2011 02:15:00;0
16/12/2011 02:30:00;0
16/12/2011 02:45:00;0
16/12/2011 03:00:00;0
16/12/2011 03:15:00;0
16/12/2011 03:30:00;0
16/12/2011 03:45:00;0
16/12/2011 04:00:00;0
16/12/2011 04:15:00;0
16/12/2011 04:30:00;0
16/12/2011 04:45:00;0
16/12/2011 05:00:00;0
16/12/2011 05:15:00;0
16/12/2011 05:30:00;0
16/12/2011 05:45:00;0
16/12/2011 06:00:00;0
16/12/2011 06:15:00;0
16/12/2011 06:30:00;0
16/12/2011 06:45:00;0
16/12/2011 07:00:00;0
16/12/2011 07:15:00;0
16/12/2011 07:30:00;0
16/12/2011 07:45:00;0
16/12/2011 08:00:00;0
16/12/2011 08:15:00;0
16/12/2011 08:30:00;0
16/12/2011 08:45:00;0
16/12/2011 09:00:00;0
16/12/2011 09:15:00;0
16/12/2011 09:30:00;0
16/12/2011 09:45:00;0
16/12/2011 10:00:00;0
16/12/2011 10:15:00;0
16/12/2011 10:30:00;0
16/12/2011 10:45:00;0
16/12/2011 11:00:00;0
16/12/2011 11:15:00;0.016
16/12/2011 11:30:00;0
16/12/2011 11:45:00;0
16/12/2011 12:00:00;0
16/12/2011 12:15:00;0
16/12/2011 12:30:00;0
16/12/2011 12:45:00;0
16/12/2011 13:00:00;0
16/12/2011 13:15:00;0
16/12/2011 13:30:00;0
16/12/2011 13:45:00;0
16/12/2011 14:00:00;0
16/12/2011 14:15:00;0
16/12/2011 14:30:00;0
16/12/2011 14:45:00;0
16/12/2011 15:00:00;0
16/12/2011 15:15:00;0
16/12/2011 15:30:00;0
16/12/2011 15:45:00;0
16/12/2011 16:00:00;0
16/12/2011 16:15:00;0
16/12/2011 16:30:00;0
16/12/2011 16:45:00;0
16/12/2011 17:00:00;0
16/12/2011 17:15:00;0
16/12/2011 17:30:00;0
16/12/2011 17:45:00;0
16/12/2011 18:00:00;0
16/12/2011 18:15:00;0
16/12/2011 18:30:00;0
16/12/2011 18:45:00;0
16/12/2011 19:00:00;0
16/12/2011 19:15:00;0
16/12/2011 19:30:00;0
16/12/2011 19:45:00;0
16/12/2011 20:00:00;0
16/12/2011 20:15:00;0
16/12/2011 20:30:00;0
16/12/2011 20:45:00;0
16/12/2011 21:00:00;0
16/12/2011 21:15:00;0
16/12/2011 21:30:00;0
16/12/2011 21:45:00;0
16/12/2011 22:00:00;0
16/12/2011 22:15:00;0
16/12/2011 22:30:00;0
16/12/2011 22:45:00;0
16/12/2011 23:00:00;0
16/12/2011 23:15:00;0
16/12/2011 23:30:00;0
16/12/2011 23:45:00;0
17/12/2011 00:00:00;0
17/12/2011 00:15:00;0
17/12/2011 00:30:00;0
17/12/2011 00:45:00;0
17/12/2011 01:00:00;0
17/12/2011 01:15:00;0
17/12/2011 01:30:00;0
17/12/2011 01:45:00;0
17/12/2011 02:00:00;0
17/12/2011 02:15:00;0
17/12/2011 02:30:00;0
17/12/2011 02:45:00;0
17/12/2011 03:00:00;0
17/12/2011 03:15:00;0
17/12/2011 03:30:00;0
17/12/2011 03:45:00;0
17/12/2011 04:00:00;0
17/12/2011 04:15:00;0
17/12/2011 04:30:00;0
17/12/2011 04:45:00;0
17/12/2011 05:00:00;0
17/12/2011 05:15:00;0
17/12/2011 05:30:00;0
17/12/2011 05:45:00;0
17/12/2011 06:00:00;0
17/12/2011 06:15:00;0
17/12/2011 06:30:00;0
17/12/2011 06:45:00;0
17/12/2011 07:00:00;0
17/12/2011 07:15:00;0
17/12/2011 07:30:00;0
17/12/2011 07:45:00;0
17/12/2011 08:00:00;0
17/12/2011 08:15:00;0
17/12/2011 08:30:00;0
17/12/2011 08:45:00;0
17/12/2011 09:00:00;0
17/12/2011 09:15:00;0
17/12/2011 09:30:00;0
17/12/2011 09:45:00;0
17/12/2011 10:00:00;0
17/12/2011 10:15:00;0
17/12/2011 10:30:00;0
17/12/2011 10:45:00;0
17/12/2011 11:00:00;0
17/12/2011 11:15:00;0
17/12/2011 11:30:00;0
17/12/2011 11:45:00;0
17/12/2011 12:00:00;0
17/12/2011 12:15:00;0
17/12/2011 12:30:00;0
17/12/2011 12:45:00;0
17/12/2011 13:00:00;0
17/12/2011 13:15:00;0
17/12/2011 13:30:00;0
17/12/2011 13:45:00;0
17/12/2011 14:00:00;0
17/12/2011 14:15:00;0
17/12/2011 14:30:00;0
17/12/2011 14:45:00;0
17/12/2011 15:00:00;0
17/12/2011 15:15:00;0
17/12/2011 15:30:00;0
17/12/2011 15:45:00;0
17/12/2011 16:00:00;0
17/12/2011 16:15:00;0
17/12/2011 16:30:00;0
17/12/2011 16:45:00;0
17/12/2011 17:00:00;0
17/12/2011 17:15:00;0
17/12/2011 17:30:00;0
17/12/2011 17:45:00;0
17/12/2011 18:00:00;0
17/12/2011 18:15:00;0
17/12/2011 18:30:00;0
17/12/2011 18:45:00;0
17/12/2011 19:00:00;0
17/12/2011 19:15:00;0
17/12/2011 19:30:00;0
17/12/2011 19:45:00;0
17/12/2011 20:00:00;0
17/12/2011 20:15:00;0
17/12/2011 20:30:00;0
17/12/2011 20:45:00;0
17/12/2011 21:00:00;0
17/12/2011 21:15:00;0
17/12/2011 21:30:00;0
17/12/2011 21:45:00;0
17/12/2011 22:00:00;0
17/12/2011 22:15:00;0
17/12/2011 22:30:00;0
17/12/2011 22:45:00;0
17/12/2011 23:00:00;0
17/12/2011 23:15:00;0
17/12/2011 23:30:00;0
17/12/2011 23:45:00;0
18/12/2011 00:00:00;0
18/12/2011 00:15:00;0
18/12/2011 00:30:00;0
18/12/2011 00:45:00;0
18/12/2011 01:00:00;0
18/12/2011 01:15:00;0
18/12/2011 01:30:00;0
18/12/2011 01:45:00;0
18/12/2011 02:00:00;0
18/12/2011 02:15:00;0
18/12/2011 02:30:00;0
18/12/2011 02:45:00;0
18/12/2011 03:00:00;0
18/12/2011 03:15:00;0
18/12/2011 03:30:00;0
18/12/2011 03:45:00;0
18/12/2011 04:00:00;0
18/12/2011 04:15:00;0
18/12/2011 04:30:00;0
18/12/2011 04:45:00;0
18/12/2011 05:00:00;0
18/12/2011 05:15:00;0
18/12/2011 05:30:00;0
18/12/2011 05:45:00;0
18/12/2011 06:00:00;0
18/12/2011 06:15:00;0
18/12/2011 06:30:00;0
18/12/2011 06:45:00;0
18/12/2011 07:00:00;0
18/12/2011 07:15:00;0
18/12/2011 07:30:00;0
18/12/2011 07:45:00;0
18/12/2011 08:00:00;0
18/12/2011 08:15:00;0.054
18/12/2011 08:30:00;0
18/12/2011 08:45:00;0
18/12/2011 09:00:00;0
18/12/2011 09:15:00;0
18/12/2011 09:30:00;0
18/12/2011 09:45:00;0
18/12/2011 10:00:00;0
18/12/2011 10:15:00;0
18/12/2011 10:30:00;0
18/12/2011 10:45:00;0
18/12/2011 11:00:00;0
18/12/2011 11:15:00;0
18/12/2011 11:30:00;0
18/12/2011 11:45:00;0
18/12/2011 12:00:00;0
18/12/2011 12:15:00;0
18/12/2011 12:30:00;0
18/12/2011 12:45:00;0
18/12/2011 13:00:00;0
18/12/2011 13:15:00;0
18/12/2011 13:30:00;0
18/12/2011 13:45:00;0
18/12/2011 14:00:00;0
18/12/2011 14:15:00;0
18/12/2011 14:30:00;0
18/12/2011 14:45:00;0
18/12/2011 15:00:00;0
18/12/2011 15:15:00;0
18/12/2011 15:30:00;0
18/12/2011 15:45:00;0
18/12/2011 16:00:00;0
18/12/2011 16:15:00;0
18/12/2011 16:30:00;0
18/12/2011 16:45:00;0
18/12/2011 17:00:00;0
18/12/2011 17:15:00;0
18/12/2011 17:30:00;0
18/12/2011 17:45:00;0
18/12/2011 18:00:00;0
18/12/2011 18:15:00;0
18/12/2011 18:30:00;0
18/12/2011 18:45:00;0
18/12/2011 19:00:00;0
18/12/2011 19:15:00;0
18/12/2011 19:30:00;0
18/12/2011 19:45:00;0
18/12/2011 20:00:00;0
18/12/2011 20:15:00;0
18/12/2011 20:30:00;0
18/12/2011 20:45:00;0
18/12/2011 21:00:00;0
18/12/2011 21:15:00;0
18/12/2011 21:30:00;0
18/12/2011 21:45:00;0
18/12/2011 22:00:00;0
18/12/2011 22:15:00;0
18/12/2011 22:30:00;0
18/12/2011 22:45:00;0
18/12/2011 23:00:00;0
18/12/2011 23:15:00;0
18/12/2011 23:30:00;0
18/12/2011 23:45:00;0
19/12/2011 00:00:00;0
19/12/2011 00:15:00;0
19/12/2011 00:30:00;0
19/12/2011 00:45:00;0
19/12/2011 01:00:00;0
19/12/2011 01:15:00;0
19/12/2011 01:30:00;0
19/12/2011 01:45:00;0
19/12/2011 02:00:00;0
19/12/2011 02:15:00;0
19/12/2011 02:30:00;0
19/12/2011 02:45:00;0
19/12/2011 03:00:00;0
19/12/2011 03:15:00;0
19/12/2011 03:30:00;0
19/12/2011 03:45:00;0
19/12/2011 04:00:00;0
19/12/2011 04:15:00;0
19/12/2011 04:30:00;0
19/12/2011 04:45:00;0
19/12/2011 05:00:00;0
19/12/2011 05:15:00;0
19/12/2011 05:30:00;0
19/12/2011 05:45:00;0
19/12/2011 06:00:00;0
19/12/2011 06:15:00;0
19/12/2011 06:30:00;0
19/12/2011 06:45:00;0
19/12/2011 07:00:00;0
19/12/2011 07:15:00;0
19/12/2011 07:30:00;0
19/12/2011 07:45:00;0
19/12/2011 08:00:00;0
19/12/2011 08:15:00;0
19/12/2011 08:30:00;0
19/12/2011 08:45:00;0
19/12/2011 09:00:00;0
19/12/2011 09:15:00;0
19/12/2011 09:30:00;0
19/12/2011 09:45:00;0
19/12/2011 10:00:00;0
19/12/2011 10:15:00;0
19/12/2011 10:30:00;0
19/12/2011 10:45:00;0
19/12/2011 11:00:00;0
19/12/2011 11:15:00;0
19/12/2011 11:30:00;0
19/12/2011 11:45:00;0
19/12/2011 12:00:00;0
19/12/2011 12:15:00;0
19/12/2011 12:30:00;0
19/12/2011 12:45:00;0
19/12/2011 13:00:00;0
19/12/2011 13:15:00;0
19/12/2011 13:30:00;0
19/12/2011 13:45:00;0
19/12/2011 14:00:00;0
19/12/2011 14:15:00;0
19/12/2011 14:30:00;0
19/12/2011 14:45:00;0
19/12/2011 15:00:00;0
19/12/2011 15:15:00;0
19/12/2011 15:30:00;0
19/12/2011 15:45:00;0
19/12/2011 16:00:00;0
19/12/2011 16:15:00;0
19/12/2011 16:30:00;0
19/12/2011 16:45:00;0
19/12/2011 17:00:00;0
19/12/2011 17:15:00;0
19/12/2011 17:30:00;0
19/12/2011 17:45:00;0
19/12/2011 18:00:00;0
19/12/2011 18:15:00;0
19/12/2011 18:30:00;0.491
19/12/2011 18:45:00;12.091
19/12/2011 19:00:00;12.176
19/12/2011 19:15:00;12.035
19/12/2011 19:30:00;11.872
19/12/2011 19:45:00;11.857
19/12/2011 20:00:00;11.836
19/12/2011 20:15:00;11.88
19/12/2011 20:30:00;11.877
19/12/2011 20:45:00;11.941
19/12/2011 21:00:00;11.809
19/12/2011 21:15:00;11.973
19/12/2011 21:30:00;11.87
19/12/2011 21:45:00;4.771
19/12/2011 22:00:00;0
19/12/2011 22:15:00;0
19/12/2011 22:30:00;0
19/12/2011 22:45:00;0
19/12/2011 23:00:00;0
19/12/2011 23:15:00;0
19/12/2011 23:30:00;0
19/12/2011 23:45:00;0
20/12/2011 00:00:00;0
20/12/2011 00:15:00;0
20/12/2011 00:30:00;0
20/12/2011 00:45:00;0
20/12/2011 01:00:00;0
20/12/2011 01:15:00;0
20/12/2011 01:30:00;0
20/12/2011 01:45:00;0
20/12/2011 02:00:00;0
20/12/2011 02:15:00;0
20/12/2011 02:30:00;0
20/12/2011 02:45:00;0
20/12/2011 03:00:00;0
20/12/2011 03:15:00;0
20/12/2011 03:30:00;0
20/12/2011 03:45:00;0
20/12/2011 04:00:00;0
20/12/2011 04:15:00;0
20/12/2011 04:30:00;0
20/12/2011 04:45:00;0
20/12/2011 05:00:00;0
20/12/2011 05:15:00;0
20/12/2011 05:30:00;0
20/12/2011 05:45:00;0
20/12/2011 06:00:00;0
20/12/2011 06:15:00;0
20/12/2011 06:30:00;0
20/12/2011 06:45:00;0
20/12/2011 07:00:00;0
20/12/2011 07:15:00;0
20/12/2011 07:30:00;0
20/12/2011 07:45:00;0
20/12/2011 08:00:00;0
20/12/2011 08:15:00;0
20/12/2011 08:30:00;0
20/12/2011 08:45:00;0
20/12/2011 09:00:00;0
20/12/2011 09:15:00;0
20/12/2011 09:30:00;0
20/12/2011 09:45:00;0
20/12/2011 10:00:00;0
20/12/2011 10:15:00;0
20/12/2011 10:30:00;0
20/12/2011 10:45:00;0
20/12/2011 11:00:00;0
20/12/2011 11:15:00;0
20/12/2011 11:30:00;0
20/12/2011 11:45:00;0
20/12/2011 12:00:00;0
20/12/2011 12:15:00;0
20/12/2011 12:30:00;0
20/12/2011 12:45:00;0
20/12/2011 13:00:00;0
20/12/2011 13:15:00;0
20/12/2011 13:30:00;0
20/12/2011 13:45:00;0
20/12/2011 14:00:00;0
20/12/2011 14:15:00;0
20/12/2011 14:30:00;0
20/12/2011 14:45:00;0
20/12/2011 15:00:00;0
20/12/2011 15:15:00;0
20/12/2011 15:30:00;0
20/12/2011 15:45:00;0
20/12/2011 16:00:00;0
20/12/2011 16:15:00;0
20/12/2011 16:30:00;0
20/12/2011 16:45:00;0
20/12/2011 17:00:00;0
20/12/2011 17:15:00;0
20/12/2011 17:30:00;0
20/12/2011 17:45:00;0
20/12/2011 18:00:00;0
20/12/2011 18:15:00;0.044
20/12/2011 18:30:00;0.736
20/12/2011 18:45:00;8.164
20/12/2011 19:00:00;8.189
20/12/2011 19:15:00;8.197
20/12/2011 19:30:00;8.073
20/12/2011 19:45:00;8.113
20/12/2011 20:00:00;7.924
20/12/2011 20:15:00;7.751
20/12/2011 20:30:00;7.858
20/12/2011 20:45:00;7.971
20/12/2011 21:00:00;7.858
20/12/2011 21:15:00;8.003
20/12/2011 21:30:00;8.102
20/12/2011 21:45:00;7.972
20/12/2011 22:00:00;2.44
20/12/2011 22:15:00;0
20/12/2011 22:30:00;0
20/12/2011 22:45:00;0
20/12/2011 23:00:00;0
20/12/2011 23:15:00;0
20/12/2011 23:30:00;0
20/12/2011 23:45:00;0
21/12/2011 00:00:00;0
21/12/2011 00:15:00;0
21/12/2011 00:30:00;0
21/12/2011 00:45:00;0
21/12/2011 01:00:00;0
21/12/2011 01:15:00;0
21/12/2011 01:30:00;0
21/12/2011 01:45:00;0
21/12/2011 02:00:00;0
21/12/2011 02:15:00;0
21/12/2011 02:30:00;0
21/12/2011 02:45:00;0
21/12/2011 03:00:00;0
21/12/2011 03:15:00;0
21/12/2011 03:30:00;0
21/12/2011 03:45:00;0
21/12/2011 04:00:00;0
21/12/2011 04:15:00;0
21/12/2011 04:30:00;0
21/12/2011 04:45:00;0
21/12/2011 05:00:00;0
21/12/2011 05:15:00;0
21/12/2011 05:30:00;0
21/12/2011 05:45:00;0
21/12/2011 06:00:00;0
21/12/2011 06:15:00;0
21/12/2011 06:30:00;0
21/12/2011 06:45:00;0
21/12/2011 07:00:00;0
21/12/2011 07:15:00;0
21/12/2011 07:30:00;0
21/12/2011 07:45:00;0
21/12/2011 08:00:00;0
21/12/2011 08:15:00;0
21/12/2011 08:30:00;0
21/12/2011 08:45:00;0
21/12/2011 09:00:00;0
21/12/2011 09:15:00;0
21/12/2011 09:30:00;0
21/12/2011 09:45:00;0
21/12/2011 10:00:00;0
21/12/2011 10:15:00;0
21/12/2011 10:30:00;0
21/12/2011 10:45:00;0
21/12/2011 11:00:00;0
21/12/2011 11:15:00;0
21/12/2011 11:30:00;0
21/12/2011 11:45:00;0
21/12/2011 12:00:00;0
21/12/2011 12:15:00;0
21/12/2011 12:30:00;0
21/12/2011 12:45:00;0
21/12/2011 13:00:00;0
21/12/2011 13:15:00;0
21/12/2011 13:30:00;0
21/12/2011 13:45:00;0
21/12/2011 14:00:00;0
21/12/2011 14:15:00;0
21/12/2011 14:30:00;0
21/12/2011 14:45:00;0.016
21/12/2011 15:00:00;0
21/12/2011 15:15:00;0
21/12/2011 15:30:00;0
21/12/2011 15:45:00;0
21/12/2011 16:00:00;0
21/12/2011 16:15:00;0
21/12/2011 16:30:00;0
21/12/2011 16:45:00;0
21/12/2011 17:00:00;0
21/12/2011 17:15:00;0
21/12/2011 17:30:00;0
21/12/2011 17:45:00;0
21/12/2011 18:00:00;0
21/12/2011 18:15:00;0
21/12/2011 18:30:00;0
21/12/2011 18:45:00;0
21/12/2011 19:00:00;0
21/12/2011 19:15:00;0
21/12/2011 19:30:00;0
21/12/2011 19:45:00;0
21/12/2011 20:00:00;0
21/12/2011 20:15:00;0
21/12/2011 20:30:00;0
21/12/2011 20:45:00;0
21/12/2011 21:00:00;3.606
21/12/2011 21:15:00;4.037
21/12/2011 21:30:00;4.011
21/12/2011 21:45:00;4.053
21/12/2011 22:00:00;0.78
21/12/2011 22:15:00;0
21/12/2011 22:30:00;0
21/12/2011 22:45:00;0
21/12/2011 23:00:00;0
21/12/2011 23:15:00;0
21/12/2011 23:30:00;0
21/12/2011 23:45:00;0
22/12/2011 00:00:00;0
22/12/2011 00:15:00;0
22/12/2011 00:30:00;0
22/12/2011 00:45:00;0
22/12/2011 01:00:00;0
22/12/2011 01:15:00;0
22/12/2011 01:30:00;0
22/12/2011 01:45:00;0
22/12/2011 02:00:00;0
22/12/2011 02:15:00;0
22/12/2011 02:30:00;0
22/12/2011 02:45:00;0
22/12/2011 03:00:00;0
22/12/2011 03:15:00;0
22/12/2011 03:30:00;0
22/12/2011 03:45:00;0
22/12/2011 04:00:00;0
22/12/2011 04:15:00;0
22/12/2011 04:30:00;0
22/12/2011 04:45:00;0
22/12/2011 05:00:00;0
22/12/2011 05:15:00;0
22/12/2011 05:30:00;0
22/12/2011 05:45:00;0
22/12/2011 06:00:00;0
22/12/2011 06:15:00;0
22/12/2011 06:30:00;0
22/12/2011 06:45:00;0
22/12/2011 07:00:00;0
22/12/2011 07:15:00;0
22/12/2011 07:30:00;0
22/12/2011 07:45:00;0
22/12/2011 08:00:00;0
22/12/2011 08:15:00;0
22/12/2011 08:30:00;0
22/12/2011 08:45:00;0
22/12/2011 09:00:00;0
22/12/2011 09:15:00;0
22/12/2011 09:30:00;0
22/12/2011 09:45:00;0
22/12/2011 10:00:00;0
22/12/2011 10:15:00;0
22/12/2011 10:30:00;0
22/12/2011 10:45:00;0
22/12/2011 11:00:00;0
22/12/2011 11:15:00;0
22/12/2011 11:30:00;0
22/12/2011 11:45:00;0
22/12/2011 12:00:00;0
22/12/2011 12:15:00;0
22/12/2011 12:30:00;0
22/12/2011 12:45:00;0
22/12/2011 13:00:00;0
22/12/2011 13:15:00;0
22/12/2011 13:30:00;0
22/12/2011 13:45:00;0
22/12/2011 14:00:00;0
22/12/2011 14:15:00;0
22/12/2011 14:30:00;0
22/12/2011 14:45:00;0
22/12/2011 15:00:00;0
22/12/2011 15:15:00;0
22/12/2011 15:30:00;0
22/12/2011 15:45:00;0
22/12/2011 16:00:00;0
22/12/2011 16:15:00;0
22/12/2011 16:30:00;0
22/12/2011 16:45:00;0
22/12/2011 17:00:00;0
22/12/2011 17:15:00;0
22/12/2011 17:30:00;0
22/12/2011 17:45:00;0
22/12/2011 18:00:00;0
22/12/2011 18:15:00;0
22/12/2011 18:30:00;0
22/12/2011 18:45:00;0
22/12/2011 19:00:00;0
22/12/2011 19:15:00;0
22/12/2011 19:30:00;0
22/12/2011 19:45:00;0
22/12/2011 20:00:00;0
22/12/2011 20:15:00;0
22/12/2011 20:30:00;0
22/12/2011 20:45:00;0
22/12/2011 21:00:00;0
22/12/2011 21:15:00;0
22/12/2011 21:30:00;0
22/12/2011 21:45:00;0
22/12/2011 22:00:00;0
22/12/2011 22:15:00;0
22/12/2011 22:30:00;0
22/12/2011 22:45:00;0
22/12/2011 23:00:00;0
22/12/2011 23:15:00;0
22/12/2011 23:30:00;0
22/12/2011 23:45:00;0
23/12/2011 00:00:00;0
23/12/2011 00:15:00;0
23/12/2011 00:30:00;0
23/12/2011 00:45:00;0
23/12/2011 01:00:00;0
23/12/2011 01:15:00;0
23/12/2011 01:30:00;0.051
23/12/2011 01:45:00;0
23/12/2011 02:00:00;0
23/12/2011 02:15:00;0
23/12/2011 02:30:00;0
23/12/2011 02:45:00;0
23/12/2011 03:00:00;0
23/12/2011 03:15:00;0
23/12/2011 03:30:00;0
23/12/2011 03:45:00;0
23/12/2011 04:00:00;0
23/12/2011 04:15:00;0
23/12/2011 04:30:00;0
23/12/2011 04:45:00;0
23/12/2011 05:00:00;0
23/12/2011 05:15:00;0
23/12/2011 05:30:00;0
23/12/2011 05:45:00;0
23/12/2011 06:00:00;0
23/12/2011 06:15:00;0
23/12/2011 06:30:00;0
23/12/2011 06:45:00;0
23/12/2011 07:00:00;0
23/12/2011 07:15:00;0
23/12/2011 07:30:00;0
23/12/2011 07:45:00;0
23/12/2011 08:00:00;0
23/12/2011 08:15:00;0
23/12/2011 08:30:00;0
23/12/2011 08:45:00;0
23/12/2011 09:00:00;0
23/12/2011 09:15:00;0
23/12/2011 09:30:00;0
23/12/2011 09:45:00;0
23/12/2011 10:00:00;0
23/12/2011 10:15:00;0
23/12/2011 10:30:00;0
23/12/2011 10:45:00;0
23/12/2011 11:00:00;0
23/12/2011 11:15:00;0
23/12/2011 11:30:00;0
23/12/2011 11:45:00;0
23/12/2011 12:00:00;0
23/12/2011 12:15:00;0
23/12/2011 12:30:00;0
23/12/2011 12:45:00;0
23/12/2011 13:00:00;0
23/12/2011 13:15:00;0
23/12/2011 13:30:00;0
23/12/2011 13:45:00;0
23/12/2011 14:00:00;0
23/12/2011 14:15:00;0
23/12/2011 14:30:00;0
23/12/2011 14:45:00;0
23/12/2011 15:00:00;0
23/12/2011 15:15:00;0.015
23/12/2011 15:30:00;0
23/12/2011 15:45:00;0
23/12/2011 16:00:00;0
23/12/2011 16:15:00;0
23/12/2011 16:30:00;0
23/12/2011 16:45:00;0
23/12/2011 17:00:00;0
23/12/2011 17:15:00;0
23/12/2011 17:30:00;0
23/12/2011 17:45:00;0
23/12/2011 18:00:00;0
23/12/2011 18:15:00;0
23/12/2011 18:30:00;0
23/12/2011 18:45:00;0
23/12/2011 19:00:00;0
23/12/2011 19:15:00;0
23/12/2011 19:30:00;0
23/12/2011 19:45:00;0
23/12/2011 20:00:00;0
23/12/2011 20:15:00;0
23/12/2011 20:30:00;0
23/12/2011 20:45:00;0
23/12/2011 21:00:00;0
23/12/2011 21:15:00;0
23/12/2011 21:30:00;0
23/12/2011 21:45:00;0
23/12/2011 22:00:00;0
23/12/2011 22:15:00;0
23/12/2011 22:30:00;0
23/12/2011 22:45:00;0
23/12/2011 23:00:00;0
23/12/2011 23:15:00;0
23/12/2011 23:30:00;0
23/12/2011 23:45:00;0
24/12/2011 00:00:00;0
24/12/2011 00:15:00;0
24/12/2011 00:30:00;0
24/12/2011 00:45:00;0
24/12/2011 01:00:00;0
24/12/2011 01:15:00;0
24/12/2011 01:30:00;0
24/12/2011 01:45:00;0
24/12/2011 02:00:00;0
24/12/2011 02:15:00;0
24/12/2011 02:30:00;0
24/12/2011 02:45:00;0
24/12/2011 03:00:00;0
24/12/2011 03:15:00;0
24/12/2011 03:30:00;0
24/12/2011 03:45:00;0
24/12/2011 04:00:00;0
24/12/2011 04:15:00;0
24/12/2011 04:30:00;0
24/12/2011 04:45:00;0
24/12/2011 05:00:00;0
24/12/2011 05:15:00;0
24/12/2011 05:30:00;0
24/12/2011 05:45:00;0
24/12/2011 06:00:00;0
24/12/2011 06:15:00;0
24/12/2011 06:30:00;0
24/12/2011 06:45:00;0
24/12/2011 07:00:00;0
24/12/2011 07:15:00;0
24/12/2011 07:30:00;0
24/12/2011 07:45:00;0
24/12/2011 08:00:00;0
24/12/2011 08:15:00;0
24/12/2011 08:30:00;0
24/12/2011 08:45:00;0
24/12/2011 09:00:00;0
24/12/2011 09:15:00;0
24/12/2011 09:30:00;0
24/12/2011 09:45:00;0
24/12/2011 10:00:00;0
24/12/2011 10:15:00;0
24/12/2011 10:30:00;0
24/12/2011 10:45:00;0
24/12/2011 11:00:00;0
24/12/2011 11:15:00;0
24/12/2011 11:30:00;0
24/12/2011 11:45:00;0
24/12/2011 12:00:00;0
24/12/2011 12:15:00;0
24/12/2011 12:30:00;0
24/12/2011 12:45:00;0
24/12/2011 13:00:00;0
24/12/2011 13:15:00;0
24/12/2011 13:30:00;0
24/12/2011 13:45:00;0
24/12/2011 14:00:00;0
24/12/2011 14:15:00;0
24/12/2011 14:30:00;0
24/12/2011 14:45:00;0
24/12/2011 15:00:00;0
24/12/2011 15:15:00;0
24/12/2011 15:30:00;0
24/12/2011 15:45:00;0
24/12/2011 16:00:00;0
24/12/2011 16:15:00;0
24/12/2011 16:30:00;0
24/12/2011 16:45:00;0
24/12/2011 17:00:00;0
24/12/2011 17:15:00;0
24/12/2011 17:30:00;0
24/12/2011 17:45:00;0
24/12/2011 18:00:00;0
24/12/2011 18:15:00;0
24/12/2011 18:30:00;0
24/12/2011 18:45:00;0
24/12/2011 19:00:00;0
24/12/2011 19:15:00;0
24/12/2011 19:30:00;0
24/12/2011 19:45:00;0
24/12/2011 20:00:00;0
24/12/2011 20:15:00;0
24/12/2011 20:30:00;0
24/12/2011 20:45:00;0
24/12/2011 21:00:00;0
24/12/2011 21:15:00;0
24/12/2011 21:30:00;0
24/12/2011 21:45:00;0
24/12/2011 22:00:00;0
24/12/2011 22:15:00;0
24/12/2011 22:30:00;0
24/12/2011 22:45:00;0
24/12/2011 23:00:00;0
24/12/2011 23:15:00;0
24/12/2011 23:30:00;0
24/12/2011 23:45:00;0
25/12/2011 00:00:00;0
25/12/2011 00:15:00;0
25/12/2011 00:30:00;0
25/12/2011 00:45:00;0
25/12/2011 01:00:00;0
25/12/2011 01:15:00;0
25/12/2011 01:30:00;0
25/12/2011 01:45:00;0
25/12/2011 02:00:00;0
25/12/2011 02:15:00;0
25/12/2011 02:30:00;0
25/12/2011 02:45:00;0
25/12/2011 03:00:00;0
25/12/2011 03:15:00;0
25/12/2011 03:30:00;0
25/12/2011 03:45:00;0
25/12/2011 04:00:00;0
25/12/2011 04:15:00;0
25/12/2011 04:30:00;0
25/12/2011 04:45:00;0
25/12/2011 05:00:00;0
25/12/2011 05:15:00;0
25/12/2011 05:30:00;0
25/12/2011 05:45:00;0
25/12/2011 06:00:00;0
25/12/2011 06:15:00;0
25/12/2011 06:30:00;0
25/12/2011 06:45:00;0
25/12/2011 07:00:00;0
25/12/2011 07:15:00;0
25/12/2011 07:30:00;0
25/12/2011 07:45:00;0
25/12/2011 08:00:00;0
25/12/2011 08:15:00;0
25/12/2011 08:30:00;0
25/12/2011 08:45:00;0
25/12/2011 09:00:00;0
25/12/2011 09:15:00;0
25/12/2011 09:30:00;0
25/12/2011 09:45:00;0
25/12/2011 10:00:00;0.044
25/12/2011 10:15:00;0
25/12/2011 10:30:00;0
25/12/2011 10:45:00;0
25/12/2011 11:00:00;0
25/12/2011 11:15:00;0
25/12/2011 11:30:00;0
25/12/2011 11:45:00;0
25/12/2011 12:00:00;0
25/12/2011 12:15:00;0
25/12/2011 12:30:00;0
25/12/2011 12:45:00;0
25/12/2011 13:00:00;0
25/12/2011 13:15:00;0
25/12/2011 13:30:00;0
25/12/2011 13:45:00;0
25/12/2011 14:00:00;0
25/12/2011 14:15:00;0
25/12/2011 14:30:00;0
25/12/2011 14:45:00;0
25/12/2011 15:00:00;0
25/12/2011 15:15:00;0
25/12/2011 15:30:00;0
25/12/2011 15:45:00;0
25/12/2011 16:00:00;0
25/12/2011 16:15:00;0
25/12/2011 16:30:00;0
25/12/2011 16:45:00;0
25/12/2011 17:00:00;0
25/12/2011 17:15:00;0
25/12/2011 17:30:00;0
25/12/2011 17:45:00;0
25/12/2011 18:00:00;0.016
25/12/2011 18:15:00;0
25/12/2011 18:30:00;0
25/12/2011 18:45:00;0
25/12/2011 19:00:00;0
25/12/2011 19:15:00;0
25/12/2011 19:30:00;0
25/12/2011 19:45:00;0
25/12/2011 20:00:00;0
25/12/2011 20:15:00;0
25/12/2011 20:30:00;0
25/12/2011 20:45:00;0
25/12/2011 21:00:00;0
25/12/2011 21:15:00;0
25/12/2011 21:30:00;0
25/12/2011 21:45:00;0
25/12/2011 22:00:00;0
25/12/2011 22:15:00;0
25/12/2011 22:30:00;0
25/12/2011 22:45:00;0
25/12/2011 23:00:00;0
25/12/2011 23:15:00;0
25/12/2011 23:30:00;0
25/12/2011 23:45:00;0
26/12/2011 00:00:00;0
26/12/2011 00:15:00;0
26/12/2011 00:30:00;0
26/12/2011 00:45:00;0
26/12/2011 01:00:00;0
26/12/2011 01:15:00;0
26/12/2011 01:30:00;0
26/12/2011 01:45:00;0
26/12/2011 02:00:00;0
26/12/2011 02:15:00;0
26/12/2011 02:30:00;0
26/12/2011 02:45:00;0
26/12/2011 03:00:00;0
26/12/2011 03:15:00;0
26/12/2011 03:30:00;0
26/12/2011 03:45:00;0
26/12/2011 04:00:00;0
26/12/2011 04:15:00;0
26/12/2011 04:30:00;0
26/12/2011 04:45:00;0
26/12/2011 05:00:00;0
26/12/2011 05:15:00;0
26/12/2011 05:30:00;0
26/12/2011 05:45:00;0
26/12/2011 06:00:00;0
26/12/2011 06:15:00;0
26/12/2011 06:30:00;0
26/12/2011 06:45:00;0
26/12/2011 07:00:00;0
26/12/2011 07:15:00;0
26/12/2011 07:30:00;0
26/12/2011 07:45:00;0
26/12/2011 08:00:00;0
26/12/2011 08:15:00;0
26/12/2011 08:30:00;0
26/12/2011 08:45:00;0
26/12/2011 09:00:00;0
26/12/2011 09:15:00;0
26/12/2011 09:30:00;0
26/12/2011 09:45:00;0
26/12/2011 10:00:00;0
26/12/2011 10:15:00;0
26/12/2011 10:30:00;0
26/12/2011 10:45:00;0
26/12/2011 11:00:00;0
26/12/2011 11:15:00;0
26/12/2011 11:30:00;0
26/12/2011 11:45:00;0
26/12/2011 12:00:00;0
26/12/2011 12:15:00;0
26/12/2011 12:30:00;0
26/12/2011 12:45:00;0
26/12/2011 13:00:00;0
26/12/2011 13:15:00;0
26/12/2011 13:30:00;0
26/12/2011 13:45:00;0
26/12/2011 14:00:00;0
26/12/2011 14:15:00;0
26/12/2011 14:30:00;0
26/12/2011 14:45:00;0
26/12/2011 15:00:00;0
26/12/2011 15:15:00;0
26/12/2011 15:30:00;0
26/12/2011 15:45:00;0
26/12/2011 16:00:00;0
26/12/2011 16:15:00;0
26/12/2011 16:30:00;0
26/12/2011 16:45:00;0
26/12/2011 17:00:00;0
26/12/2011 17:15:00;0
26/12/2011 17:30:00;0
26/12/2011 17:45:00;0
26/12/2011 18:00:00;0
26/12/2011 18:15:00;0
26/12/2011 18:30:00;0
26/12/2011 18:45:00;0
26/12/2011 19:00:00;0
26/12/2011 19:15:00;0
26/12/2011 19:30:00;0
26/12/2011 19:45:00;0
26/12/2011 20:00:00;0
26/12/2011 20:15:00;0
26/12/2011 20:30:00;0
26/12/2011 20:45:00;0
26/12/2011 21:00:00;0
26/12/2011 21:15:00;0
26/12/2011 21:30:00;0
26/12/2011 21:45:00;0
26/12/2011 22:00:00;0
26/12/2011 22:15:00;0
26/12/2011 22:30:00;0
26/12/2011 22:45:00;0
26/12/2011 23:00:00;0
26/12/2011 23:15:00;0
26/12/2011 23:30:00;0
26/12/2011 23:45:00;0
27/12/2011 00:00:00;0
27/12/2011 00:15:00;0
27/12/2011 00:30:00;0
27/12/2011 00:45:00;0
27/12/2011 01:00:00;0
27/12/2011 01:15:00;0
27/12/2011 01:30:00;0
27/12/2011 01:45:00;0
27/12/2011 02:00:00;0
27/12/2011 02:15:00;0
27/12/2011 02:30:00;0
27/12/2011 02:45:00;0
27/12/2011 03:00:00;0
27/12/2011 03:15:00;0
27/12/2011 03:30:00;0
27/12/2011 03:45:00;0
27/12/2011 04:00:00;0
27/12/2011 04:15:00;0
27/12/2011 04:30:00;0
27/12/2011 04:45:00;0
27/12/2011 05:00:00;0
27/12/2011 05:15:00;0
27/12/2011 05:30:00;0
27/12/2011 05:45:00;0
27/12/2011 06:00:00;0
27/12/2011 06:15:00;0
27/12/2011 06:30:00;0
27/12/2011 06:45:00;0
27/12/2011 07:00:00;0
27/12/2011 07:15:00;0
27/12/2011 07:30:00;0
27/12/2011 07:45:00;0
27/12/2011 08:00:00;0
27/12/2011 08:15:00;0
27/12/2011 08:30:00;0
27/12/2011 08:45:00;0
27/12/2011 09:00:00;0
27/12/2011 09:15:00;0
27/12/2011 09:30:00;0
27/12/2011 09:45:00;0
27/12/2011 10:00:00;0.047
27/12/2011 10:15:00;0
27/12/2011 10:30:00;0
27/12/2011 10:45:00;0
27/12/2011 11:00:00;0
27/12/2011 11:15:00;0.022
27/12/2011 11:30:00;0.021
27/12/2011 11:45:00;0
27/12/2011 12:00:00;0
27/12/2011 12:15:00;0.014
27/12/2011 12:30:00;0
27/12/2011 12:45:00;0
27/12/2011 13:00:00;0
27/12/2011 13:15:00;0
27/12/2011 13:30:00;0
27/12/2011 13:45:00;0
27/12/2011 14:00:00;0
27/12/2011 14:15:00;0
27/12/2011 14:30:00;0
27/12/2011 14:45:00;0
27/12/2011 15:00:00;0
27/12/2011 15:15:00;0
27/12/2011 15:30:00;0
27/12/2011 15:45:00;0
27/12/2011 16:00:00;0
27/12/2011 16:15:00;0
27/12/2011 16:30:00;0
27/12/2011 16:45:00;0
27/12/2011 17:00:00;0
27/12/2011 17:15:00;0
27/12/2011 17:30:00;0.05
27/12/2011 17:45:00;0
27/12/2011 18:00:00;0
27/12/2011 18:15:00;0
27/12/2011 18:30:00;0
27/12/2011 18:45:00;0
27/12/2011 19:00:00;0
27/12/2011 19:15:00;0.261
27/12/2011 19:30:00;0
27/12/2011 19:45:00;0
27/12/2011 20:00:00;0
27/12/2011 20:15:00;5.377
27/12/2011 20:30:00;7.619
27/12/2011 20:45:00;7.734
27/12/2011 21:00:00;7.743
27/12/2011 21:15:00;6.767
27/12/2011 21:30:00;5.87
27/12/2011 21:45:00;5.823
27/12/2011 22:00:00;6
27/12/2011 22:15:00;2.522
27/12/2011 22:30:00;0
27/12/2011 22:45:00;0
27/12/2011 23:00:00;0
27/12/2011 23:15:00;0
27/12/2011 23:30:00;0
27/12/2011 23:45:00;0
28/12/2011 00:00:00;0
28/12/2011 00:15:00;0
28/12/2011 00:30:00;0
28/12/2011 00:45:00;0
28/12/2011 01:00:00;0
28/12/2011 01:15:00;0
28/12/2011 01:30:00;0
28/12/2011 01:45:00;0
28/12/2011 02:00:00;0
28/12/2011 02:15:00;0
28/12/2011 02:30:00;0
28/12/2011 02:45:00;0
28/12/2011 03:00:00;0
28/12/2011 03:15:00;0
28/12/2011 03:30:00;0
28/12/2011 03:45:00;0
28/12/2011 04:00:00;0
28/12/2011 04:15:00;0
28/12/2011 04:30:00;0
28/12/2011 04:45:00;0
28/12/2011 05:00:00;0
28/12/2011 05:15:00;0
28/12/2011 05:30:00;0
28/12/2011 05:45:00;0
28/12/2011 06:00:00;0
28/12/2011 06:15:00;0
28/12/2011 06:30:00;0
28/12/2011 06:45:00;0
28/12/2011 07:00:00;0
28/12/2011 07:15:00;0
28/12/2011 07:30:00;0
28/12/2011 07:45:00;0
28/12/2011 08:00:00;0
28/12/2011 08:15:00;0
28/12/2011 08:30:00;0
28/12/2011 08:45:00;0
28/12/2011 09:00:00;0
28/12/2011 09:15:00;0
28/12/2011 09:30:00;0
28/12/2011 09:45:00;0
28/12/2011 10:00:00;0
28/12/2011 10:15:00;0
28/12/2011 10:30:00;0
28/12/2011 10:45:00;0
28/12/2011 11:00:00;0
28/12/2011 11:15:00;0
28/12/2011 11:30:00;0
28/12/2011 11:45:00;0
28/12/2011 12:00:00;0
28/12/2011 12:15:00;0
28/12/2011 12:30:00;0
28/12/2011 12:45:00;0
28/12/2011 13:00:00;0
28/12/2011 13:15:00;0
28/12/2011 13:30:00;0
28/12/2011 13:45:00;0
28/12/2011 14:00:00;0
28/12/2011 14:15:00;0
28/12/2011 14:30:00;0
28/12/2011 14:45:00;0
28/12/2011 15:00:00;0
28/12/2011 15:15:00;0
28/12/2011 15:30:00;0
28/12/2011 15:45:00;0
28/12/2011 16:00:00;0
28/12/2011 16:15:00;0
28/12/2011 16:30:00;0
28/12/2011 16:45:00;0
28/12/2011 17:00:00;0
28/12/2011 17:15:00;0
28/12/2011 17:30:00;0
28/12/2011 17:45:00;0
28/12/2011 18:00:00;0
28/12/2011 18:15:00;0
28/12/2011 18:30:00;0
28/12/2011 18:45:00;0
28/12/2011 19:00:00;0
28/12/2011 19:15:00;0
28/12/2011 19:30:00;0
28/12/2011 19:45:00;0
28/12/2011 20:00:00;0.016
28/12/2011 20:15:00;0
28/12/2011 20:30:00;0
28/12/2011 20:45:00;0
28/12/2011 21:00:00;0
28/12/2011 21:15:00;0
28/12/2011 21:30:00;0
28/12/2011 21:45:00;0
28/12/2011 22:00:00;0
28/12/2011 22:15:00;0
28/12/2011 22:30:00;0
28/12/2011 22:45:00;0
28/12/2011 23:00:00;0
28/12/2011 23:15:00;0
28/12/2011 23:30:00;0
28/12/2011 23:45:00;0
29/12/2011 00:00:00;0
29/12/2011 00:15:00;0
29/12/2011 00:30:00;0
29/12/2011 00:45:00;0
29/12/2011 01:00:00;0
29/12/2011 01:15:00;0
29/12/2011 01:30:00;0
29/12/2011 01:45:00;0
29/12/2011 02:00:00;0
29/12/2011 02:15:00;0
29/12/2011 02:30:00;0
29/12/2011 02:45:00;0
29/12/2011 03:00:00;0
29/12/2011 03:15:00;0
29/12/2011 03:30:00;0
29/12/2011 03:45:00;0
29/12/2011 04:00:00;0
29/12/2011 04:15:00;0
29/12/2011 04:30:00;0
29/12/2011 04:45:00;0
29/12/2011 05:00:00;0
29/12/2011 05:15:00;0
29/12/2011 05:30:00;0
29/12/2011 05:45:00;0
29/12/2011 06:00:00;0
29/12/2011 06:15:00;0
29/12/2011 06:30:00;0
29/12/2011 06:45:00;0
29/12/2011 07:00:00;0
29/12/2011 07:15:00;0
29/12/2011 07:30:00;0
29/12/2011 07:45:00;0
29/12/2011 08:00:00;0
29/12/2011 08:15:00;0
29/12/2011 08:30:00;0
29/12/2011 08:45:00;0
29/12/2011 09:00:00;0
29/12/2011 09:15:00;0
29/12/2011 09:30:00;0
29/12/2011 09:45:00;0
29/12/2011 10:00:00;0
29/12/2011 10:15:00;0
29/12/2011 10:30:00;0
29/12/2011 10:45:00;0
29/12/2011 11:00:00;0
29/12/2011 11:15:00;0
29/12/2011 11:30:00;0
29/12/2011 11:45:00;0
29/12/2011 12:00:00;0
29/12/2011 12:15:00;0
29/12/2011 12:30:00;0
29/12/2011 12:45:00;0
29/12/2011 13:00:00;0
29/12/2011 13:15:00;0
29/12/2011 13:30:00;0
29/12/2011 13:45:00;0
29/12/2011 14:00:00;0
29/12/2011 14:15:00;0
29/12/2011 14:30:00;0
29/12/2011 14:45:00;0
29/12/2011 15:00:00;0
29/12/2011 15:15:00;0
29/12/2011 15:30:00;0
29/12/2011 15:45:00;0
29/12/2011 16:00:00;0
29/12/2011 16:15:00;0
29/12/2011 16:30:00;0
29/12/2011 16:45:00;0
29/12/2011 17:00:00;0
29/12/2011 17:15:00;0
29/12/2011 17:30:00;0
29/12/2011 17:45:00;0
29/12/2011 18:00:00;0
29/12/2011 18:15:00;0
29/12/2011 18:30:00;0
29/12/2011 18:45:00;0
29/12/2011 19:00:00;0
29/12/2011 19:15:00;0
29/12/2011 19:30:00;0
29/12/2011 19:45:00;0
29/12/2011 20:00:00;0
29/12/2011 20:15:00;0
29/12/2011 20:30:00;0
29/12/2011 20:45:00;0
29/12/2011 21:00:00;0
29/12/2011 21:15:00;0
29/12/2011 21:30:00;0
29/12/2011 21:45:00;0
29/12/2011 22:00:00;0
29/12/2011 22:15:00;0
29/12/2011 22:30:00;0
29/12/2011 22:45:00;0
29/12/2011 23:00:00;0
29/12/2011 23:15:00;0
29/12/2011 23:30:00;0
29/12/2011 23:45:00;0
30/12/2011 00:00:00;0
30/12/2011 00:15:00;0.043
30/12/2011 00:30:00;0
30/12/2011 00:45:00;0
30/12/2011 01:00:00;0
30/12/2011 01:15:00;0
30/12/2011 01:30:00;0
30/12/2011 01:45:00;0
30/12/2011 02:00:00;0
30/12/2011 02:15:00;0
30/12/2011 02:30:00;0
30/12/2011 02:45:00;0
30/12/2011 03:00:00;0
30/12/2011 03:15:00;0
30/12/2011 03:30:00;0.015
30/12/2011 03:45:00;0
30/12/2011 04:00:00;0
30/12/2011 04:15:00;0
30/12/2011 04:30:00;0
30/12/2011 04:45:00;0
30/12/2011 05:00:00;0
30/12/2011 05:15:00;0
30/12/2011 05:30:00;0
30/12/2011 05:45:00;0
30/12/2011 06:00:00;0
30/12/2011 06:15:00;0
30/12/2011 06:30:00;0
30/12/2011 06:45:00;0
30/12/2011 07:00:00;0
30/12/2011 07:15:00;0
30/12/2011 07:30:00;0
30/12/2011 07:45:00;0
30/12/2011 08:00:00;0
30/12/2011 08:15:00;0
30/12/2011 08:30:00;0
30/12/2011 08:45:00;0
30/12/2011 09:00:00;0
30/12/2011 09:15:00;0
30/12/2011 09:30:00;0
30/12/2011 09:45:00;0
30/12/2011 10:00:00;0
30/12/2011 10:15:00;0
30/12/2011 10:30:00;0
30/12/2011 10:45:00;0
30/12/2011 11:00:00;0
30/12/2011 11:15:00;0
30/12/2011 11:30:00;0
30/12/2011 11:45:00;0
30/12/2011 12:00:00;0
30/12/2011 12:15:00;0
30/12/2011 12:30:00;0
30/12/2011 12:45:00;0
30/12/2011 13:00:00;0
30/12/2011 13:15:00;0
30/12/2011 13:30:00;0
30/12/2011 13:45:00;0
30/12/2011 14:00:00;0
30/12/2011 14:15:00;0
30/12/2011 14:30:00;0
30/12/2011 14:45:00;0
30/12/2011 15:00:00;0
30/12/2011 15:15:00;0
30/12/2011 15:30:00;0
30/12/2011 15:45:00;0
30/12/2011 16:00:00;0
30/12/2011 16:15:00;0
30/12/2011 16:30:00;0
30/12/2011 16:45:00;0
30/12/2011 17:00:00;0
30/12/2011 17:15:00;0
30/12/2011 17:30:00;0
30/12/2011 17:45:00;0
30/12/2011 18:00:00;0
30/12/2011 18:15:00;0
30/12/2011 18:30:00;0
30/12/2011 18:45:00;0
30/12/2011 19:00:00;0
30/12/2011 19:15:00;0
30/12/2011 19:30:00;0
30/12/2011 19:45:00;0
30/12/2011 20:00:00;0
30/12/2011 20:15:00;0
30/12/2011 20:30:00;0
30/12/2011 20:45:00;0
30/12/2011 21:00:00;0
30/12/2011 21:15:00;0
30/12/2011 21:30:00;0
30/12/2011 21:45:00;0
30/12/2011 22:00:00;0
30/12/2011 22:15:00;0
30/12/2011 22:30:00;0
30/12/2011 22:45:00;0
30/12/2011 23:00:00;0
30/12/2011 23:15:00;0
30/12/2011 23:30:00;0
30/12/2011 23:45:00;0
31/12/2011 00:00:00;0
31/12/2011 00:15:00;0
31/12/2011 00:30:00;0
31/12/2011 00:45:00;0
31/12/2011 01:00:00;0
31/12/2011 01:15:00;0
31/12/2011 01:30:00;0
31/12/2011 01:45:00;0
31/12/2011 02:00:00;0
31/12/2011 02:15:00;0
31/12/2011 02:30:00;0
31/12/2011 02:45:00;0
31/12/2011 03:00:00;0
31/12/2011 03:15:00;0
31/12/2011 03:30:00;0
31/12/2011 03:45:00;0
31/12/2011 04:00:00;0
31/12/2011 04:15:00;0
31/12/2011 04:30:00;0
31/12/2011 04:45:00;0.017
31/12/2011 05:00:00;0
31/12/2011 05:15:00;0
31/12/2011 05:30:00;0
31/12/2011 05:45:00;0
31/12/2011 06:00:00;0
31/12/2011 06:15:00;0
31/12/2011 06:30:00;0
31/12/2011 06:45:00;0
31/12/2011 07:00:00;0
31/12/2011 07:15:00;0
31/12/2011 07:30:00;0
31/12/2011 07:45:00;0
31/12/2011 08:00:00;0
31/12/2011 08:15:00;0
31/12/2011 08:30:00;0
31/12/2011 08:45:00;0
31/12/2011 09:00:00;0
31/12/2011 09:15:00;0
31/12/2011 09:30:00;0
31/12/2011 09:45:00;0
31/12/2011 10:00:00;0
31/12/2011 10:15:00;0
31/12/2011 10:30:00;0
31/12/2011 10:45:00;0
31/12/2011 11:00:00;0
31/12/2011 11:15:00;0
31/12/2011 11:30:00;0
31/12/2011 11:45:00;0
31/12/2011 12:00:00;0
31/12/2011 12:15:00;0
31/12/2011 12:30:00;0
31/12/2011 12:45:00;0
31/12/2011 13:00:00;0
31/12/2011 13:15:00;0
31/12/2011 13:30:00;0
31/12/2011 13:45:00;0
31/12/2011 14:00:00;0
31/12/2011 14:15:00;0
31/12/2011 14:30:00;0
31/12/2011 14:45:00;0
31/12/2011 15:00:00;0
31/12/2011 15:15:00;0
31/12/2011 15:30:00;0
31/12/2011 15:45:00;0
31/12/2011 16:00:00;0
31/12/2011 16:15:00;0
31/12/2011 16:30:00;0
31/12/2011 16:45:00;0
31/12/2011 17:00:00;0
31/12/2011 17:15:00;0
31/12/2011 17:30:00;0
31/12/2011 17:45:00;0
31/12/2011 18:00:00;0
31/12/2011 18:15:00;0
31/12/2011 18:30:00;0
31/12/2011 18:45:00;0
31/12/2011 19:00:00;0
31/12/2011 19:15:00;0
31/12/2011 19:30:00;0
31/12/2011 19:45:00;0
31/12/2011 20:00:00;0
31/12/2011 20:15:00;0
31/12/2011 20:30:00;0
31/12/2011 20:45:00;0
31/12/2011 21:00:00;0
31/12/2011 21:15:00;0
31/12/2011 21:30:00;0
31/12/2011 21:45:00;0
31/12/2011 22:00:00;0
31/12/2011 22:15:00;0
31/12/2011 22:30:00;0
31/12/2011 22:45:00;0
31/12/2011 23:00:00;0
31/12/2011 23:15:00;0
31/12/2011 23:30:00;0
31/12/2011 23:45:00;0